,date,price,title
1," Jan 1, 2023",$400.00,nikon d7200 body only with Low Shutter Count!!
2," Jan 1, 2023","$1,084.95",Nikon D7200 Digital Camera F Mount (Body Only) -
3," Dec 29, 2022",$495.00,"Nikon D7200 24.2MP DSLR Camera Body -- less than 1,900 actuations"
4," Dec 29, 2022",$468.66,Nikon D7200 24.2MP DSLR Camera Body #175
5," Dec 28, 2022",$400.00,Nikon D7200 24.2MP Digital SLR Camera Kit W/ 18-55 Lens.( No battery charger )
6," Dec 27, 2022",$550.99,[Near Mint] Nikon D7200 24.2 MP Digital Camera Body Black w/ Charger
7," Dec 26, 2022",$549.00,"Nikon D7200 24.2 MP DSLR Camera - Black (Body Only), MINT, 1220 Shutter Count"
8," Dec 26, 2022",$519.00,"Nikon D7200 24.2MP DSLR Body with 18-55mm & 70-300mm lenses, Battery & Charger"
9," Dec 26, 2022",$456.50,"Nikon D7200 DX-format DSLR w/ Nikon 50mm, 18-105mm VR (LOW SHUTTER COUNT-8337)"
10," Dec 26, 2022",$577.68,Nikon D7200 24.2MP Digital SLR Camera - Black with lens 18-140 15k Shot Count
11," Dec 25, 2022",$500.00,Nikon D7200 body Camera Shutter count 61202 [Excellent+] From Japan #9192
12," Dec 25, 2022",$553.32,NIKON D7200 24.2MP Digital DSLR Camera - Boxed with charger and some accesories
13," Dec 23, 2022",$468.66,Nikon D7200 24.2MP DSLR Camera Body #559
14," Dec 22, 2022",$550.00,"Nikon D7200 24.2 MP DSLR Camera - Black (Body Only), MINT, 1220 Shutter Count"
15," Dec 21, 2022",$489.99,Nikon D7200 24.2 MP Digital SLR Camera - Black (Body Only) - Excellent Condition
16," Dec 21, 2022",$565.00,Nikon D7200 DX-format DSLR w/ Nikon 18-200mm VR Lens (LOW SHUTTER COUNT-7740) 
17," Dec 20, 2022",$553.32,NIKON D7200 24.2MP Digital DSLR Camera - Boxed with charger and some accesories
18," Dec 20, 2022",$648.89,Top Mint Nikon D7200 24.2 MP Digital SLR Camera body only 2261 clicks w/Box
19," Dec 20, 2022",$661.60,"Nikon D7200 Digital Camera, + AF-S DX NIKKOR 18-140mm f/3.5-5.6G ED VR Lens"
20," Dec 20, 2022",$434.25,Nikon D7200 Digital Camera Body - Low shutter count.
21," Dec 19, 2022",$275.00,"Nikon D7200 24.2MP Digital SLR Camera Very Clean, for part or repair enthusiast"
22," Dec 18, 2022",$368.00,Nikon D7200 + battery/charger/strap. Excellent. Shutter Count: 8334
23," Dec 18, 2022",$400.00,Used Nikon D7200 AF 18-55mm lens + Battery & Charger
24," Dec 18, 2022",$350.00,Nikon D7200 with Nikon 18-55 af-p lens
25," Dec 18, 2022",$455.00,Nikon D7200 body + lens + Nikon SB-25 Flash
26," Dec 17, 2022",$433.73,Nikon D7200 24.2 MP Digital SLR Camera - (Body and Lens Included) Good Condition
27," Dec 17, 2022",$700.00,"Nikon d7200 Bundle With 70-300mm  & 35mm Lenses & More (Shutter Count 2,055)"
28," Dec 16, 2022",$650.85,Nikon D7200 24.2MP DSLR Camera Body #872
29," Dec 16, 2022",$710.00,Nikon D7200 24.2 MP DSLR Camera - (Body and 2 Lenses Inc'd) Good Condition
30," Dec 16, 2022",$736.99,[MINT] Nikon D7200 24.2MP Digital SLR Camera Body - 954 Shots Only! Barely Used
31," Dec 15, 2022",$222.50,Nikon D7200 24.2 MP Digital SLR Camera “PARTS”
32," Dec 15, 2022",$479.00,Nikon D7200 24.2 MP Digital SLR Camera - Black (Body Only)
33," Dec 15, 2022",$60.00,*UNTESTED* Nikon D3100 DSLR Camera w/ 1:4-5.6 Lens
34," Dec 15, 2022",$306.28,Nikon D7200 Digital SLR Camera Black Body in great shape!
35," Dec 13, 2022",$650.85,Nikon D7200 24.2MP DSLR Camera Body #736
36," Dec 13, 2022",$500.00,**Good Condition** Nikon D7200 DSLR Digital Camera (Body Only)
37," Dec 13, 2022",$499.00,Nikon D7200 24.2MP Digital Camera Body
38," Dec 13, 2022",$412.00,Nikon D7200 24.2 MP Digital SLR Camera - Black (Body Only)
39," Dec 13, 2022",$570.00,Nikon D7200 24.2 MP Digital SLR Camera - Black (Body Only)
40," Dec 12, 2022",$475.00,"Nikon D7200 camera with 70-300mm lens,   18-55mm f/3.5-5.6G VR lens, bag & more"
41," Dec 12, 2022",$549.99,"[""10888 shots"" MINT] Nikon D7200 24.2MP Digital Camera Body From JAPAN"
42," Dec 11, 2022",$574.99,Nikon D7200 24.2 MP Digital SLR Camera with 18-55mm Lens and bag
43," Dec 10, 2022",$455.00,Nikon D7200 body + lens + Nikon SB-25 Flash
44," Dec 10, 2022",$444.00,"NIKON D7200 24.2MP ""Excellent +++""Digital Camera with battery from Japan"
45," Dec 9, 2022",$459.92,Nikon D7200 24.2MP Digital SLR Camera Body Black 1554
46," Dec 9, 2022",$450.00,"Nikon D7200 DSLR Camera Body Only + battery, charger Tested"
47," Dec 9, 2022",$258.62,Nikon D7200 24.2MP Digital SLR Camera BODY  42K SHOTS READ SL18
48," Dec 8, 2022",$549.99,Nikon D7200 24.2 MP Digital SLR Camera Body Shutter Count:296  #KR99996
49," Dec 8, 2022",$504.00,[Mint in Box counts:13828] Nikon D7200 DSLR Digital SLR Camera From Japan
50," Dec 7, 2022",$350.00,Nikon D3200 (Black) Digital SLR Camera w/18-55mm Lens Kit
51," Dec 7, 2022",$549.99,Nikon D7200 24.2 MP Digital SLR Camera Body Shutter Count 89  #T68072
52," Dec 7, 2022",$544.99,[Near Mint] Nikon D7200 24.2 MP Digital Camera Body Black w/ Charger
53," Dec 7, 2022",$471.99,Nikon D7200 24.2 MP DSLR Camera Black Body APS-C DX Format From Japan E1001     
54," Dec 6, 2022",$575.00,Used Nikon D7200 with Mint Nikon DX 35mm f1.8 Lens + Battery & Charger
55," Dec 6, 2022",$679.95,"MINT- NIKON D7200 24.2MP DSLR CAMERA BODY, BATT+CHARGER ONLY 4242 ACTS! NICE"
56," Dec 5, 2022",$682.50,Nikon D7200 24.2MP Digital SLR Camera & 10-20mm 70-300mm 18-55mm Lens Kit
57," Dec 5, 2022",$495.00,Nikon D7200 24.2MP Digital SLR Camera - Black (Kit w/ 18-55mm Lens)
58," Dec 5, 2022",$500.00,Great Condition Nikon D7200 w/ 18-55mm Kit Lens & Accessories
59," Dec 5, 2022",$549.99,"Nikon D7200 DSLR Camera 1554 24.2MP FHD WiFi NFC 3.2"" TFT-LCD Body ONLY Black"
