,date,price,title,product
1,2022-12-30,289.00,Nikon AF-S DX NIKKOR 10-24mm F3.5-4.5G ED Zoom Lens - plus Filter,nikkor1024
2,2022-12-28,239.98,[N Mint] Nikon AF-S Nikkor 10-24mm F/3.5-4.5 G ED Lens w/cap 2001471 #297,nikkor1024
3,2022-12-27,199.95,EXCELLENT Nikon AF-S DX NIKKOR 10-24mm F/3.5-4.5 G ED F Mount Wide Zoom Lens,nikkor1024
4,2022-12-27,187.01,Nikon Camera Lens AF-S DX Nikkor 10-24mm f/3.5-4.5G SWM ED IF 77 w/Hood & Box,nikkor1024
5,2022-12-22,279.00,Nikon AF-S DX NIKKOR 10-24mm F3.5-4.5 G ED Zoom Zoom Wide Angle Lens from Japan,nikkor1024
6,2022-12-19,183.50,Nikon Camera Lens AF-S DX Nikkor 10-24mm f/3.5-4.5G SWM ED IF 77 w/Box & Hood,nikkor1024
7,2022-12-18,270.22,Nikon Nikkor AF-S 10-24mm F/3.5-4.5 G DX ED IF Lens,nikkor1024
8,2022-12-18,338.00,Mint Nikon AF-S DX NIKKOR 10-24mm f/3.5-4.5G ED Zoom Wide Angle Lens from Japan,nikkor1024
9,2022-12-15,934.95,Nikon 10-24mm f/3.5-4.5G ED AF-S DX Zoom-Nikkor Lens + UV Filter & Cleaning Kit,nikkor1024
10,2022-12-11,285.00,Nikon AF-S DX NIKKOR 10-24mm f/3.5-4.5G ED Wide Angle Zoom Lens,nikkor1024
11,2022-12-06,150.00,Nikon AF-S DX Nikkor 10-24mm f/3.5-4.5 G ED Camera Wide Angle Zoom Lens,nikkor1024
12,2022-12-05,325.00,Nikon AF-S DX NIKKOR 10-24mm f/3.5-4.5G ED Zoom Lens - MINT Condition,nikkor1024
13,2022-12-04,8.49,"Lens Cap Cover Protector for Nikon AF-S NIKKOR 18-35mm, 10-24mm f/3.5-4.5G ED",nikkor1024
14,2022-12-03,334.00,Nikon AF-S DX Nikkor 10-24mm f/3.5-4.5g ed  [Near Mint] #1088610,nikkor1024
15,2022-12-02,234.00,"""Mint"" Nikon AF-S Nikkor 10-24mm F/3.5-4.5 G ED Zoom Lens From Japan 792A",nikkor1024
16,2022-11-29,599.00,New! Nikon Nikkor 10-24mm f3.5-4.5G ED AF-S DX  New in box,nikkor1024
17,2022-11-28,269.99,Nikon AF-S DX NIKKOR 10-24mm f/3.5-4.5G ED Zoom Lens,nikkor1024
18,2022-11-26,288.99,Nikon Nikkor AFS 10-24mm f/3.5 - 4.5 G ED SWM DX Aspherical Camera Lens #T98111,nikkor1024
19,2022-11-25,269.99,Nikon AF-S DX NIKKOR 10-24mm f/3.5-4.5G ED Zoom Lens,nikkor1024
20,2022-11-24,250.00,Nikon AF-S DX NIKKOR 10-24mm f/3.5-4.5G ED Zoom Lens - Excellent Condition,nikkor1024
21,2022-11-22,349.98,[Near Mint]Nikon AF-S DX NIKKOR 10-24mm f3.5-4.5G ED ,nikkor1024
22,2022-11-22,239.00,Nikon Nikkor AF-S 10-24mm f3.5-4.5 G DX ED IF Lens AFS Clean!,nikkor1024
23,2022-11-18,331.19,[Mint] Nikon AF-S DX NIKKOR 10-24mm f/3.5-4.5 G ED from Japan #1082444,nikkor1024
24,2022-11-12,339.99,【TOP MINT+ IN BOX】NIKON AF-S NIKKOR 10-24mm F/3.5-4.5 G ED DX Zoom Lens +HOOD JP,nikkor1024
25,2022-11-10,302.11,Nikon AF-S DX NIKKOR 10-24mm F3.5-4.5G ED Zoom Lens for F Mount w/ Box #220507m,nikkor1024
26,2022-11-09,339.99,Nikon AF-S DX Nikkor 10-24mm f/3.5-4.5g ed - Excellent ++,nikkor1024
27,2022-11-07,222.50,Nikon AF-S DX NIKKOR 10-24mm f/3.5-4.5G ED Zoom Lens With UV Filter,nikkor1024
28,2022-11-05,249.99,EXCELLENT Nikon AF-S DX NIKKOR 10-24mm F/3.5-4.5 G ED F Mount Wide Zoom Lens,nikkor1024
29,2022-11-05,300.00,Used Nikon AF-S DX Nikkor 10-24mm f/3.5-4.5g ed,nikkor1024
30,2022-11-03,275.00,Nikon AF-S DX Nikkor 10-24mm f/3.5-4.5 G ED + 77mm Circular Polarizer ,nikkor1024
31,2022-11-03,190.00,Nikon AF-S DX Nikkor 10-24mm f/3.5-4.5 G ED Autofocus Lens Black Wide Angle Zoom,nikkor1024
32,2022-10-28,285.00,Nikon AF-S DX NIKKOR 10-24mm f/3.5-4.5G ED & UV Filter. US model Mint Condition,nikkor1024
33,2022-10-21,227.50,Nikon AF-S DX Nikkor 10-24mm f/3.5-4.5 G ED Wide Angle Zoom + 77mm UV Filter,nikkor1024
34,2022-10-19,329.99,Nikon Nikkor AFS 10-24mm f/3.5 - 4.5 G ED SWM DX Aspherical Camera Lens #T18191,nikkor1024
35,2022-10-15,157.50,Nikon AF-S DX Nikkor 10-24mm f/3.5-4.5 G ED Autofocus Lens Black Wide Angle Zoom,nikkor1024
36,2022-10-14,363.99,Top MINT in Box Nikon AF-S NIKKOR 10-24mm f/3.5-4.5 G ED DX IF SWM From Japan,nikkor1024
37,2022-10-12,296.00,Nikon AF-S DX NIKKOR 10-24mm f/3.5-4.5G ED Zoom Lens MINT Condition!!,nikkor1024
38,2022-11-29,152.50,AFS Nikkor 10-24 f3.4-4 G ED DX Wide angle zoom for Nikon DX format,nikkor1024
39,2022-12-30 00:00:00,296.99,Nikon Nikkor AF-S 10-24mm f/3.5-4.5G DX ED Aspherical Lens w/ Hood #PS94594,nikkor1024
40,2022-12-30 00:00:00,289.00,Nikon AF-S DX NIKKOR 10-24mm F3.5-4.5G ED Zoom Lens - plus Filter,nikkor1024
41,2022-12-28 00:00:00,239.98,[N Mint] Nikon AF-S Nikkor 10-24mm F/3.5-4.5 G ED Lens w/cap 2001471 #297,nikkor1024
42,2022-12-27 00:00:00,199.95,EXCELLENT Nikon AF-S DX NIKKOR 10-24mm F/3.5-4.5 G ED F Mount Wide Zoom Lens,nikkor1024
43,2022-12-27 00:00:00,187.01,Nikon Camera Lens AF-S DX Nikkor 10-24mm f/3.5-4.5G SWM ED IF 77 w/Hood & Box,nikkor1024
44,2022-12-22 00:00:00,279.00,Nikon AF-S DX NIKKOR 10-24mm F3.5-4.5 G ED Zoom Zoom Wide Angle Lens from Japan,nikkor1024
45,2022-12-19 00:00:00,183.50,Nikon Camera Lens AF-S DX Nikkor 10-24mm f/3.5-4.5G SWM ED IF 77 w/Box & Hood,nikkor1024
46,2022-12-18 00:00:00,270.22,Nikon Nikkor AF-S 10-24mm F/3.5-4.5 G DX ED IF Lens,nikkor1024
47,2022-12-18 00:00:00,338.00,Mint Nikon AF-S DX NIKKOR 10-24mm f/3.5-4.5G ED Zoom Wide Angle Lens from Japan,nikkor1024
48,2022-12-15 00:00:00,934.95,Nikon 10-24mm f/3.5-4.5G ED AF-S DX Zoom-Nikkor Lens + UV Filter & Cleaning Kit,nikkor1024
49,2022-12-11 00:00:00,285.00,Nikon AF-S DX NIKKOR 10-24mm f/3.5-4.5G ED Wide Angle Zoom Lens,nikkor1024
50,2022-12-06 00:00:00,150.00,Nikon AF-S DX Nikkor 10-24mm f/3.5-4.5 G ED Camera Wide Angle Zoom Lens,nikkor1024
51,2022-12-05 00:00:00,325.00,Nikon AF-S DX NIKKOR 10-24mm f/3.5-4.5G ED Zoom Lens - MINT Condition,nikkor1024
52,2022-12-04 00:00:00,8.49,"Lens Cap Cover Protector for Nikon AF-S NIKKOR 18-35mm, 10-24mm f/3.5-4.5G ED",nikkor1024
53,2022-12-03 00:00:00,334.00,Nikon AF-S DX Nikkor 10-24mm f/3.5-4.5g ed  [Near Mint] #1088610,nikkor1024
54,2022-12-02 00:00:00,234.00,"""Mint"" Nikon AF-S Nikkor 10-24mm F/3.5-4.5 G ED Zoom Lens From Japan 792A",nikkor1024
55,2022-11-29 00:00:00,599.00,New! Nikon Nikkor 10-24mm f3.5-4.5G ED AF-S DX  New in box,nikkor1024
56,2022-11-28 00:00:00,269.99,Nikon AF-S DX NIKKOR 10-24mm f/3.5-4.5G ED Zoom Lens,nikkor1024
57,2022-11-26 00:00:00,288.99,Nikon Nikkor AFS 10-24mm f/3.5 - 4.5 G ED SWM DX Aspherical Camera Lens #T98111,nikkor1024
58,2022-11-25 00:00:00,269.99,Nikon AF-S DX NIKKOR 10-24mm f/3.5-4.5G ED Zoom Lens,nikkor1024
59,2022-11-24 00:00:00,250.00,Nikon AF-S DX NIKKOR 10-24mm f/3.5-4.5G ED Zoom Lens - Excellent Condition,nikkor1024
60,2022-11-22 00:00:00,349.98,[Near Mint]Nikon AF-S DX NIKKOR 10-24mm f3.5-4.5G ED ,nikkor1024
61,2022-11-22 00:00:00,239.00,Nikon Nikkor AF-S 10-24mm f3.5-4.5 G DX ED IF Lens AFS Clean!,nikkor1024
62,2022-11-18 00:00:00,331.19,[Mint] Nikon AF-S DX NIKKOR 10-24mm f/3.5-4.5 G ED from Japan #1082444,nikkor1024
63,2022-11-12 00:00:00,339.99,【TOP MINT+ IN BOX】NIKON AF-S NIKKOR 10-24mm F/3.5-4.5 G ED DX Zoom Lens +HOOD JP,nikkor1024
64,2022-11-10 00:00:00,302.11,Nikon AF-S DX NIKKOR 10-24mm F3.5-4.5G ED Zoom Lens for F Mount w/ Box #220507m,nikkor1024
65,2022-11-09 00:00:00,339.99,Nikon AF-S DX Nikkor 10-24mm f/3.5-4.5g ed - Excellent ++,nikkor1024
66,2022-11-07 00:00:00,222.50,Nikon AF-S DX NIKKOR 10-24mm f/3.5-4.5G ED Zoom Lens With UV Filter,nikkor1024
67,2022-11-05 00:00:00,249.99,EXCELLENT Nikon AF-S DX NIKKOR 10-24mm F/3.5-4.5 G ED F Mount Wide Zoom Lens,nikkor1024
68,2022-11-05 00:00:00,300.00,Used Nikon AF-S DX Nikkor 10-24mm f/3.5-4.5g ed,nikkor1024
69,2022-11-03 00:00:00,275.00,Nikon AF-S DX Nikkor 10-24mm f/3.5-4.5 G ED + 77mm Circular Polarizer ,nikkor1024
70,2022-11-03 00:00:00,190.00,Nikon AF-S DX Nikkor 10-24mm f/3.5-4.5 G ED Autofocus Lens Black Wide Angle Zoom,nikkor1024
71,2022-10-28 00:00:00,285.00,Nikon AF-S DX NIKKOR 10-24mm f/3.5-4.5G ED & UV Filter. US model Mint Condition,nikkor1024
72,2022-10-21 00:00:00,227.50,Nikon AF-S DX Nikkor 10-24mm f/3.5-4.5 G ED Wide Angle Zoom + 77mm UV Filter,nikkor1024
73,2022-10-19 00:00:00,329.99,Nikon Nikkor AFS 10-24mm f/3.5 - 4.5 G ED SWM DX Aspherical Camera Lens #T18191,nikkor1024
74,2022-10-15 00:00:00,157.50,Nikon AF-S DX Nikkor 10-24mm f/3.5-4.5 G ED Autofocus Lens Black Wide Angle Zoom,nikkor1024
75,2022-10-14 00:00:00,363.99,Top MINT in Box Nikon AF-S NIKKOR 10-24mm f/3.5-4.5 G ED DX IF SWM From Japan,nikkor1024
76,2022-10-12 00:00:00,296.00,Nikon AF-S DX NIKKOR 10-24mm f/3.5-4.5G ED Zoom Lens MINT Condition!!,nikkor1024
77,2022-11-29 00:00:00,152.50,AFS Nikkor 10-24 f3.4-4 G ED DX Wide angle zoom for Nikon DX format,nikkor1024
78,2023-01-06 00:00:00,225.00,Nikon AF-S DX NIKKOR 10-24mm f/3.5-4.5G ED Wide Angle Zoom Lens,nikkor1024
79,2023-01-05 00:00:00,274.99,Nikon AF-S DX NIKKOR 10-24mm f/3.5-4.5G ED Zoom Lens for F Mount Camera Used,nikkor1024
80,2023-01-04 00:00:00,178.50,Nikon DX 10-24mm F3.5-4.5G ED Zoom lens,nikkor1024
81,2022-12-19 00:00:00,275.00,Nikon AF-S DX NIKKOR 10-24mm f/3.5-4.5G ED Zoom Lens from Japan [excellent++],nikkor1024
82,2023-01-08 00:00:00,274.99,Nikon AF-S DX NIKKOR 10-24mm f/3.5-4.5G ED Zoom Lens for F Mount Camera Used,nikkor1024
83,2023-01-16 00:00:00,384.79,Nikon Nikkor AF-S 10-24mm f3.5-4.5 G DX ED IF Lens AFS #428,nikkor1024
84,2022-12-15 00:00:00,899.95,Nikon 10-24mm f/3.5-4.5G ED AF-S DX Zoom-Nikkor Lens + UV Filter & Cleaning Kit,nikkor1024
85,2022-12-02 00:00:00,194.00,Nikon DX 10-24mm F3.5-4.5G ED Zoom lens NR,nikkor1024
86,2023-01-23 00:00:00,285.00,Nikon AF-S Nikkor DX 10-24mm f/3.5-4.5G ED Zoom Lens w/Hood [N Mint] JPN 1112504,nikkor1024
125,2023-01-23 00:00:00,285.00,Nikon AF-S Nikkor DX 10-24mm f/3.5-4.5G ED Zoom Lens w/Hood [N Mint] JPN 1112504,nikkor1024
126,2023-01-16 00:00:00,384.79,Nikon Nikkor AF-S 10-24mm f3.5-4.5 G DX ED IF Lens AFS #428,nikkor1024
127,2023-01-08 00:00:00,274.99,Nikon AF-S DX NIKKOR 10-24mm f/3.5-4.5G ED Zoom Lens for F Mount Camera Used,nikkor1024
128,2023-01-06 00:00:00,225.00,Nikon AF-S DX NIKKOR 10-24mm f/3.5-4.5G ED Wide Angle Zoom Lens,nikkor1024
129,2022-12-30 00:00:00,296.99,Nikon Nikkor AF-S 10-24mm f/3.5-4.5G DX ED Aspherical Lens w/ Hood #PS94594,nikkor1024
130,2022-12-30 00:00:00,289.00,Nikon AF-S DX NIKKOR 10-24mm F3.5-4.5G ED Zoom Lens - plus Filter,nikkor1024
131,2022-12-28 00:00:00,239.98,[N Mint] Nikon AF-S Nikkor 10-24mm F/3.5-4.5 G ED Lens w/cap 2001471 #297,nikkor1024
132,2022-12-27 00:00:00,199.95,EXCELLENT Nikon AF-S DX NIKKOR 10-24mm F/3.5-4.5 G ED F Mount Wide Zoom Lens,nikkor1024
133,2022-12-27 00:00:00,187.01,Nikon Camera Lens AF-S DX Nikkor 10-24mm f/3.5-4.5G SWM ED IF 77 w/Hood & Box,nikkor1024
134,2022-12-22 00:00:00,279.00,Nikon AF-S DX NIKKOR 10-24mm F3.5-4.5 G ED Zoom Zoom Wide Angle Lens from Japan,nikkor1024
135,2022-12-19 00:00:00,183.50,Nikon Camera Lens AF-S DX Nikkor 10-24mm f/3.5-4.5G SWM ED IF 77 w/Box & Hood,nikkor1024
136,2022-12-19 00:00:00,275.00,Nikon AF-S DX NIKKOR 10-24mm f/3.5-4.5G ED Zoom Lens from Japan [excellent++],nikkor1024
137,2022-12-18 00:00:00,270.22,Nikon Nikkor AF-S 10-24mm F/3.5-4.5 G DX ED IF Lens,nikkor1024
138,2022-12-18 00:00:00,338.00,Mint Nikon AF-S DX NIKKOR 10-24mm f/3.5-4.5G ED Zoom Wide Angle Lens from Japan,nikkor1024
139,2022-12-15 00:00:00,899.95,Nikon 10-24mm f/3.5-4.5G ED AF-S DX Zoom-Nikkor Lens + UV Filter & Cleaning Kit,nikkor1024
140,2022-12-11 00:00:00,285.00,Nikon AF-S DX NIKKOR 10-24mm f/3.5-4.5G ED Wide Angle Zoom Lens,nikkor1024
141,2022-12-06 00:00:00,150.00,Nikon AF-S DX Nikkor 10-24mm f/3.5-4.5 G ED Camera Wide Angle Zoom Lens,nikkor1024
142,2022-12-05 00:00:00,325.00,Nikon AF-S DX NIKKOR 10-24mm f/3.5-4.5G ED Zoom Lens - MINT Condition,nikkor1024
143,2022-12-04 00:00:00,8.49,"Lens Cap Cover Protector for Nikon AF-S NIKKOR 18-35mm, 10-24mm f/3.5-4.5G ED",nikkor1024
144,2022-12-03 00:00:00,334.00,Nikon AF-S DX Nikkor 10-24mm f/3.5-4.5g ed  [Near Mint] #1088610,nikkor1024
145,2022-12-02 00:00:00,234.00,"""Mint"" Nikon AF-S Nikkor 10-24mm F/3.5-4.5 G ED Zoom Lens From Japan 792A",nikkor1024
146,2022-11-29 00:00:00,599.00,New! Nikon Nikkor 10-24mm f3.5-4.5G ED AF-S DX  New in box,nikkor1024
147,2022-11-28 00:00:00,269.99,Nikon AF-S DX NIKKOR 10-24mm f/3.5-4.5G ED Zoom Lens,nikkor1024
148,2022-11-26 00:00:00,288.99,Nikon Nikkor AFS 10-24mm f/3.5 - 4.5 G ED SWM DX Aspherical Camera Lens #T98111,nikkor1024
149,2022-11-25 00:00:00,269.99,Nikon AF-S DX NIKKOR 10-24mm f/3.5-4.5G ED Zoom Lens,nikkor1024
150,2022-11-24 00:00:00,250.00,Nikon AF-S DX NIKKOR 10-24mm f/3.5-4.5G ED Zoom Lens - Excellent Condition,nikkor1024
151,2022-11-22 00:00:00,349.98,[Near Mint]Nikon AF-S DX NIKKOR 10-24mm f3.5-4.5G ED ,nikkor1024
152,2022-11-22 00:00:00,239.00,Nikon Nikkor AF-S 10-24mm f3.5-4.5 G DX ED IF Lens AFS Clean!,nikkor1024
153,2022-11-18 00:00:00,331.19,[Mint] Nikon AF-S DX NIKKOR 10-24mm f/3.5-4.5 G ED from Japan #1082444,nikkor1024
154,2022-11-12 00:00:00,339.99,【TOP MINT+ IN BOX】NIKON AF-S NIKKOR 10-24mm F/3.5-4.5 G ED DX Zoom Lens +HOOD JP,nikkor1024
155,2022-11-10 00:00:00,302.11,Nikon AF-S DX NIKKOR 10-24mm F3.5-4.5G ED Zoom Lens for F Mount w/ Box #220507m,nikkor1024
156,2022-11-09 00:00:00,339.99,Nikon AF-S DX Nikkor 10-24mm f/3.5-4.5g ed - Excellent ++,nikkor1024
157,2022-11-07 00:00:00,222.50,Nikon AF-S DX NIKKOR 10-24mm f/3.5-4.5G ED Zoom Lens With UV Filter,nikkor1024
158,2022-11-05 00:00:00,249.99,EXCELLENT Nikon AF-S DX NIKKOR 10-24mm F/3.5-4.5 G ED F Mount Wide Zoom Lens,nikkor1024
159,2022-11-05 00:00:00,300.00,Used Nikon AF-S DX Nikkor 10-24mm f/3.5-4.5g ed,nikkor1024
160,2022-11-03 00:00:00,275.00,Nikon AF-S DX Nikkor 10-24mm f/3.5-4.5 G ED + 77mm Circular Polarizer ,nikkor1024
161,2022-11-03 00:00:00,190.00,Nikon AF-S DX Nikkor 10-24mm f/3.5-4.5 G ED Autofocus Lens Black Wide Angle Zoom,nikkor1024
162,2022-10-28 00:00:00,285.00,Nikon AF-S DX NIKKOR 10-24mm f/3.5-4.5G ED & UV Filter. US model Mint Condition,nikkor1024
1,2023-01-01,400.00,nikon d7200 body only with Low Shutter Count!!,d7200
2,2023-01-01,"1,084.95",Nikon D7200 Digital Camera F Mount (Body Only) -,d7200
3,2022-12-29,495.00,"Nikon D7200 24.2MP DSLR Camera Body -- less than 1,900 actuations",d7200
4,2022-12-29,468.66,Nikon D7200 24.2MP DSLR Camera Body #175,d7200
5,2022-12-28,400.00,Nikon D7200 24.2MP Digital SLR Camera Kit W/ 18-55 Lens.( No battery charger ),d7200
6,2022-12-27,550.99,[Near Mint] Nikon D7200 24.2 MP Digital Camera Body Black w/ Charger,d7200
7,2022-12-26,549.00,"Nikon D7200 24.2 MP DSLR Camera - Black (Body Only), MINT, 1220 Shutter Count",d7200
8,2022-12-26,519.00,"Nikon D7200 24.2MP DSLR Body with 18-55mm & 70-300mm lenses, Battery & Charger",d7200
9,2022-12-26,456.50,"Nikon D7200 DX-format DSLR w/ Nikon 50mm, 18-105mm VR (LOW SHUTTER COUNT-8337)",d7200
10,2022-12-26,577.68,Nikon D7200 24.2MP Digital SLR Camera - Black with lens 18-140 15k Shot Count,d7200
11,2022-12-25,500.00,Nikon D7200 body Camera Shutter count 61202 [Excellent+] From Japan #9192,d7200
12,2022-12-25,553.32,NIKON D7200 24.2MP Digital DSLR Camera - Boxed with charger and some accesories,d7200
13,2022-12-23,468.66,Nikon D7200 24.2MP DSLR Camera Body #559,d7200
14,2022-12-22,550.00,"Nikon D7200 24.2 MP DSLR Camera - Black (Body Only), MINT, 1220 Shutter Count",d7200
15,2022-12-21,489.99,Nikon D7200 24.2 MP Digital SLR Camera - Black (Body Only) - Excellent Condition,d7200
16,2022-12-21,565.00,Nikon D7200 DX-format DSLR w/ Nikon 18-200mm VR Lens (LOW SHUTTER COUNT-7740) ,d7200
17,2022-12-20,553.32,NIKON D7200 24.2MP Digital DSLR Camera - Boxed with charger and some accesories,d7200
18,2022-12-20,648.89,Top Mint Nikon D7200 24.2 MP Digital SLR Camera body only 2261 clicks w/Box,d7200
19,2022-12-20,661.60,"Nikon D7200 Digital Camera, + AF-S DX NIKKOR 18-140mm f/3.5-5.6G ED VR Lens",d7200
20,2022-12-20,434.25,Nikon D7200 Digital Camera Body - Low shutter count.,d7200
21,2022-12-19,275.00,"Nikon D7200 24.2MP Digital SLR Camera Very Clean, for part or repair enthusiast",d7200
22,2022-12-18,368.00,Nikon D7200 + battery/charger/strap. Excellent. Shutter Count: 8334,d7200
23,2022-12-18,400.00,Used Nikon D7200 AF 18-55mm lens + Battery & Charger,d7200
24,2022-12-18,350.00,Nikon D7200 with Nikon 18-55 af-p lens,d7200
25,2022-12-18,455.00,Nikon D7200 body + lens + Nikon SB-25 Flash,d7200
26,2022-12-17,433.73,Nikon D7200 24.2 MP Digital SLR Camera - (Body and Lens Included) Good Condition,d7200
27,2022-12-17,700.00,"Nikon d7200 Bundle With 70-300mm  & 35mm Lenses & More (Shutter Count 2,055)",d7200
28,2022-12-16,650.85,Nikon D7200 24.2MP DSLR Camera Body #872,d7200
29,2022-12-16,710.00,Nikon D7200 24.2 MP DSLR Camera - (Body and 2 Lenses Inc'd) Good Condition,d7200
30,2022-12-16,736.99,[MINT] Nikon D7200 24.2MP Digital SLR Camera Body - 954 Shots Only! Barely Used,d7200
31,2022-12-15,222.50,Nikon D7200 24.2 MP Digital SLR Camera “PARTS”,d7200
32,2022-12-15,479.00,Nikon D7200 24.2 MP Digital SLR Camera - Black (Body Only),d7200
33,2022-12-15,306.28,Nikon D7200 Digital SLR Camera Black Body in great shape!,d7200
34,2022-12-13,650.85,Nikon D7200 24.2MP DSLR Camera Body #736,d7200
35,2022-12-13,500.00,**Good Condition** Nikon D7200 DSLR Digital Camera (Body Only),d7200
36,2022-12-13,499.00,Nikon D7200 24.2MP Digital Camera Body,d7200
37,2022-12-13,412.00,Nikon D7200 24.2 MP Digital SLR Camera - Black (Body Only),d7200
38,2022-12-13,570.00,Nikon D7200 24.2 MP Digital SLR Camera - Black (Body Only),d7200
39,2022-12-12,475.00,"Nikon D7200 camera with 70-300mm lens,   18-55mm f/3.5-5.6G VR lens, bag & more",d7200
40,2022-12-12,549.99,"[""10888 shots"" MINT] Nikon D7200 24.2MP Digital Camera Body From JAPAN",d7200
41,2022-12-11,574.99,Nikon D7200 24.2 MP Digital SLR Camera with 18-55mm Lens and bag,d7200
42,2022-12-10,455.00,Nikon D7200 body + lens + Nikon SB-25 Flash,d7200
43,2022-12-10,444.00,"NIKON D7200 24.2MP ""Excellent +++""Digital Camera with battery from Japan",d7200
44,2022-12-09,459.92,Nikon D7200 24.2MP Digital SLR Camera Body Black 1554,d7200
45,2022-12-09,450.00,"Nikon D7200 DSLR Camera Body Only + battery, charger Tested",d7200
46,2022-12-09,258.62,Nikon D7200 24.2MP Digital SLR Camera BODY  42K SHOTS READ SL18,d7200
47,2022-12-08,549.99,Nikon D7200 24.2 MP Digital SLR Camera Body Shutter Count:296  #KR99996,d7200
48,2022-12-08,504.00,[Mint in Box counts:13828] Nikon D7200 DSLR Digital SLR Camera From Japan,d7200
49,2022-12-07,549.99,Nikon D7200 24.2 MP Digital SLR Camera Body Shutter Count 89  #T68072,d7200
50,2022-12-07,544.99,[Near Mint] Nikon D7200 24.2 MP Digital Camera Body Black w/ Charger,d7200
51,2022-12-07,471.99,Nikon D7200 24.2 MP DSLR Camera Black Body APS-C DX Format From Japan E1001     ,d7200
52,2022-12-06,575.00,Used Nikon D7200 with Mint Nikon DX 35mm f1.8 Lens + Battery & Charger,d7200
53,2022-12-06,679.95,"MINT- NIKON D7200 24.2MP DSLR CAMERA BODY, BATT+CHARGER ONLY 4242 ACTS! NICE",d7200
54,2022-12-05,682.50,Nikon D7200 24.2MP Digital SLR Camera & 10-20mm 70-300mm 18-55mm Lens Kit,d7200
55,2022-12-05,495.00,Nikon D7200 24.2MP Digital SLR Camera - Black (Kit w/ 18-55mm Lens),d7200
56,2022-12-05,500.00,Great Condition Nikon D7200 w/ 18-55mm Kit Lens & Accessories,d7200
57,2022-12-05,549.99,"Nikon D7200 DSLR Camera 1554 24.2MP FHD WiFi NFC 3.2"" TFT-LCD Body ONLY Black",d7200
58,2023-01-01 00:00:00,445.36,"Nikon D7200 Digital Camera Body - Shutter count 19k, boxed with accesories",d7200
59,2023-01-01 00:00:00,400.00,nikon d7200 body only with Low Shutter Count!!,d7200
60,2023-01-01 00:00:00,"1,084.95",Nikon D7200 Digital Camera F Mount (Body Only) -,d7200
61,2022-12-29 00:00:00,495.00,"Nikon D7200 24.2MP DSLR Camera Body -- less than 1,900 actuations",d7200
62,2022-12-29 00:00:00,468.66,Nikon D7200 24.2MP DSLR Camera Body #175,d7200
63,2022-12-28 00:00:00,400.00,Nikon D7200 24.2MP Digital SLR Camera Kit W/ 18-55 Lens.( No battery charger ),d7200
64,2022-12-27 00:00:00,550.99,[Near Mint] Nikon D7200 24.2 MP Digital Camera Body Black w/ Charger,d7200
65,2022-12-26 00:00:00,549.00,"Nikon D7200 24.2 MP DSLR Camera - Black (Body Only), MINT, 1220 Shutter Count",d7200
66,2022-12-26 00:00:00,519.00,"Nikon D7200 24.2MP DSLR Body with 18-55mm & 70-300mm lenses, Battery & Charger",d7200
67,2022-12-26 00:00:00,456.50,"Nikon D7200 DX-format DSLR w/ Nikon 50mm, 18-105mm VR (LOW SHUTTER COUNT-8337)",d7200
68,2022-12-26 00:00:00,577.68,Nikon D7200 24.2MP Digital SLR Camera - Black with lens 18-140 15k Shot Count,d7200
69,2022-12-25 00:00:00,500.00,Nikon D7200 body Camera Shutter count 61202 [Excellent+] From Japan #9192,d7200
70,2022-12-25 00:00:00,553.32,NIKON D7200 24.2MP Digital DSLR Camera - Boxed with charger and some accesories,d7200
71,2022-12-23 00:00:00,468.66,Nikon D7200 24.2MP DSLR Camera Body #559,d7200
72,2022-12-22 00:00:00,550.00,"Nikon D7200 24.2 MP DSLR Camera - Black (Body Only), MINT, 1220 Shutter Count",d7200
73,2022-12-21 00:00:00,489.99,Nikon D7200 24.2 MP Digital SLR Camera - Black (Body Only) - Excellent Condition,d7200
74,2022-12-21 00:00:00,565.00,Nikon D7200 DX-format DSLR w/ Nikon 18-200mm VR Lens (LOW SHUTTER COUNT-7740) ,d7200
75,2022-12-20 00:00:00,553.32,NIKON D7200 24.2MP Digital DSLR Camera - Boxed with charger and some accesories,d7200
76,2022-12-20 00:00:00,648.89,Top Mint Nikon D7200 24.2 MP Digital SLR Camera body only 2261 clicks w/Box,d7200
77,2022-12-20 00:00:00,661.60,"Nikon D7200 Digital Camera, + AF-S DX NIKKOR 18-140mm f/3.5-5.6G ED VR Lens",d7200
78,2022-12-20 00:00:00,434.25,Nikon D7200 Digital Camera Body - Low shutter count.,d7200
79,2022-12-19 00:00:00,275.00,"Nikon D7200 24.2MP Digital SLR Camera Very Clean, for part or repair enthusiast",d7200
80,2022-12-18 00:00:00,400.00,Used Nikon D7200 AF 18-55mm lens + Battery & Charger,d7200
81,2022-12-18 00:00:00,455.00,Nikon D7200 body + lens + Nikon SB-25 Flash,d7200
82,2022-12-17 00:00:00,433.73,Nikon D7200 24.2 MP Digital SLR Camera - (Body and Lens Included) Good Condition,d7200
83,2022-12-17 00:00:00,700.00,"Nikon d7200 Bundle With 70-300mm  & 35mm Lenses & More (Shutter Count 2,055)",d7200
84,2022-12-16 00:00:00,650.85,Nikon D7200 24.2MP DSLR Camera Body #872,d7200
85,2022-12-16 00:00:00,710.00,Nikon D7200 24.2 MP DSLR Camera - (Body and 2 Lenses Inc'd) Good Condition,d7200
86,2022-12-16 00:00:00,736.99,[MINT] Nikon D7200 24.2MP Digital SLR Camera Body - 954 Shots Only! Barely Used,d7200
87,2022-12-15 00:00:00,222.50,Nikon D7200 24.2 MP Digital SLR Camera “PARTS”,d7200
88,2022-12-15 00:00:00,479.00,Nikon D7200 24.2 MP Digital SLR Camera - Black (Body Only),d7200
89,2022-12-15 00:00:00,306.28,Nikon D7200 Digital SLR Camera Black Body in great shape!,d7200
90,2022-12-13 00:00:00,650.85,Nikon D7200 24.2MP DSLR Camera Body #736,d7200
91,2022-12-13 00:00:00,500.00,**Good Condition** Nikon D7200 DSLR Digital Camera (Body Only),d7200
92,2022-12-13 00:00:00,499.00,Nikon D7200 24.2MP Digital Camera Body,d7200
93,2022-12-13 00:00:00,412.00,Nikon D7200 24.2 MP Digital SLR Camera - Black (Body Only),d7200
94,2022-12-13 00:00:00,570.00,Nikon D7200 24.2 MP Digital SLR Camera - Black (Body Only),d7200
95,2022-12-12 00:00:00,475.00,"Nikon D7200 camera with 70-300mm lens,   18-55mm f/3.5-5.6G VR lens, bag & more",d7200
96,2022-12-12 00:00:00,549.99,"[""10888 shots"" MINT] Nikon D7200 24.2MP Digital Camera Body From JAPAN",d7200
97,2022-12-11 00:00:00,574.99,Nikon D7200 24.2 MP Digital SLR Camera with 18-55mm Lens and bag,d7200
98,2022-12-10 00:00:00,455.00,Nikon D7200 body + lens + Nikon SB-25 Flash,d7200
99,2022-12-10 00:00:00,444.00,"NIKON D7200 24.2MP ""Excellent +++""Digital Camera with battery from Japan",d7200
100,2022-12-09 00:00:00,459.92,Nikon D7200 24.2MP Digital SLR Camera Body Black 1554,d7200
101,2022-12-09 00:00:00,450.00,"Nikon D7200 DSLR Camera Body Only + battery, charger Tested",d7200
102,2022-12-09 00:00:00,258.62,Nikon D7200 24.2MP Digital SLR Camera BODY  42K SHOTS READ SL18,d7200
103,2022-12-08 00:00:00,549.99,Nikon D7200 24.2 MP Digital SLR Camera Body Shutter Count:296  #KR99996,d7200
104,2022-12-08 00:00:00,504.00,[Mint in Box counts:13828] Nikon D7200 DSLR Digital SLR Camera From Japan,d7200
105,2022-12-07 00:00:00,549.99,Nikon D7200 24.2 MP Digital SLR Camera Body Shutter Count 89  #T68072,d7200
106,2022-12-07 00:00:00,544.99,[Near Mint] Nikon D7200 24.2 MP Digital Camera Body Black w/ Charger,d7200
107,2022-12-07 00:00:00,471.99,Nikon D7200 24.2 MP DSLR Camera Black Body APS-C DX Format From Japan E1001     ,d7200
108,2022-12-06 00:00:00,575.00,Used Nikon D7200 with Mint Nikon DX 35mm f1.8 Lens + Battery & Charger,d7200
109,2022-12-06 00:00:00,679.95,"MINT- NIKON D7200 24.2MP DSLR CAMERA BODY, BATT+CHARGER ONLY 4242 ACTS! NICE",d7200
110,2022-12-05 00:00:00,682.50,Nikon D7200 24.2MP Digital SLR Camera & 10-20mm 70-300mm 18-55mm Lens Kit,d7200
111,2022-12-05 00:00:00,495.00,Nikon D7200 24.2MP Digital SLR Camera - Black (Kit w/ 18-55mm Lens),d7200
112,2022-12-05 00:00:00,500.00,Great Condition Nikon D7200 w/ 18-55mm Kit Lens & Accessories,d7200
113,2022-12-05 00:00:00,549.99,"Nikon D7200 DSLR Camera 1554 24.2MP FHD WiFi NFC 3.2"" TFT-LCD Body ONLY Black",d7200
114,2022-12-05 00:00:00,600.00,Nikon D7200 24.2MP Digital SLR Camera - Black (Kit w/ 18-140mm Lens) & 50mm Lens,d7200
115,2023-01-03 00:00:00,450.00,Nikon D7200 body + lens + Nikon SB-25 Flash,d7200
116,2023-01-04 00:00:00,499.00,New ListingNikon D7200 24.2 MP Digital SLR Camera - Black (Body Only) - Excellent Condition,d7200
117,2023-01-04 00:00:00,485.00,"Nikon D7200 24.2MP Digital SLR Camera - Black (Kit w/35 mm Lens, 18-55 mm Lens)",d7200
118,2023-01-03 00:00:00,499.99,"Nikon D7200 24.2 MP Digital SLR Camera Body Shutter Count 8,407 #T52748",d7200
119,2023-01-01 00:00:00,444.55,"Nikon D7200 Digital Camera Body - Shutter count 19k, boxed with accesories",d7200
120,2022-12-26 00:00:00,576.62,Nikon D7200 24.2MP Digital SLR Camera - Black with lens 18-140 15k Shot Count,d7200
121,2022-12-25 00:00:00,552.31,NIKON D7200 24.2MP Digital DSLR Camera - Boxed with charger and some accesories,d7200
122,2022-12-20 00:00:00,552.31,NIKON D7200 24.2MP Digital DSLR Camera - Boxed with charger and some accesories,d7200
123,2022-12-20 00:00:00,660.39,"Nikon D7200 Digital Camera, + AF-S DX NIKKOR 18-140mm f/3.5-5.6G ED VR Lens",d7200
124,2022-12-20 00:00:00,433.45,Nikon D7200 Digital Camera Body - Low shutter count.,d7200
125,2022-12-18 00:00:00,368.00,Nikon D7200 + battery/charger/strap. Excellent. Shutter Count: 8334,d7200
126,2022-12-18 00:00:00,350.00,Nikon D7200 with Nikon 18-55 af-p lens,d7200
127,2022-12-15 00:00:00,304.32,Nikon D7200 Digital SLR Camera Black Body in great shape!,d7200
128,2022-12-09 00:00:00,258.15,Nikon D7200 24.2MP Digital SLR Camera BODY  42K SHOTS READ SL18,d7200
129,2023-01-05 00:00:00,207.70,Nikon D7200 24.2MP Digital SLR Camera Body. 55k approximate shutter count.,d7200
130,2023-01-04 00:00:00,500.00,Nikon D7200 24.2MP Digital SLR Camera - Black (Kit w/ 18-140mm Lens)  Mint,d7200
131,2023-01-04 00:00:00,499.00,Nikon D7200 24.2 MP Digital SLR Camera - Black (Body Only) - Excellent Condition,d7200
132,2023-01-01 00:00:00,445.88,"Nikon D7200 Digital Camera Body - Shutter count 19k, boxed with accesories",d7200
133,2022-12-26 00:00:00,578.35,Nikon D7200 24.2MP Digital SLR Camera - Black with lens 18-140 15k Shot Count,d7200
134,2022-12-25 00:00:00,553.97,NIKON D7200 24.2MP Digital DSLR Camera - Boxed with charger and some accesories,d7200
135,2022-12-20 00:00:00,553.97,NIKON D7200 24.2MP Digital DSLR Camera - Boxed with charger and some accesories,d7200
136,2022-12-20 00:00:00,662.37,"Nikon D7200 Digital Camera, + AF-S DX NIKKOR 18-140mm f/3.5-5.6G ED VR Lens",d7200
137,2022-12-20 00:00:00,434.75,Nikon D7200 Digital Camera Body - Low shutter count.,d7200
138,2022-12-15 00:00:00,306.81,Nikon D7200 Digital SLR Camera Black Body in great shape!,d7200
139,2022-12-09 00:00:00,258.92,Nikon D7200 24.2MP Digital SLR Camera BODY  42K SHOTS READ SL18,d7200
140,2023-01-06 00:00:00,423.00,Nikon D7200 24.2MP Digital SLR Camera - Black (Kit w/ AFS 55-200mm G ED Lens),d7200
141,2023-01-06 00:00:00,525.00,NIKON D7200 24.2MP DIGITAL DSLR CAMERA BOXED 2 SHUTTER COUNT! PHENOMENAL PRICE!,d7200
142,2023-01-01 00:00:00,439.96,"Nikon D7200 Digital Camera Body - Shutter count 19k, boxed with accesories",d7200
143,2022-12-26 00:00:00,570.67,Nikon D7200 24.2MP Digital SLR Camera - Black with lens 18-140 15k Shot Count,d7200
144,2022-12-25 00:00:00,546.61,NIKON D7200 24.2MP Digital DSLR Camera - Boxed with charger and some accesories,d7200
145,2022-12-20 00:00:00,546.61,NIKON D7200 24.2MP Digital DSLR Camera - Boxed with charger and some accesories,d7200
146,2022-12-20 00:00:00,653.57,"Nikon D7200 Digital Camera, + AF-S DX NIKKOR 18-140mm f/3.5-5.6G ED VR Lens",d7200
147,2022-12-20 00:00:00,428.98,Nikon D7200 Digital Camera Body - Low shutter count.,d7200
148,2022-12-15 00:00:00,305.41,Nikon D7200 Digital SLR Camera Black Body in great shape!,d7200
149,2022-12-09 00:00:00,255.48,Nikon D7200 24.2MP Digital SLR Camera BODY  42K SHOTS READ SL18,d7200
150,2023-01-01 00:00:00,446.01,"Nikon D7200 Digital Camera Body - Shutter count 19k, boxed with accesories",d7200
151,2022-12-26 00:00:00,578.52,Nikon D7200 24.2MP Digital SLR Camera - Black with lens 18-140 15k Shot Count,d7200
152,2022-12-25 00:00:00,554.13,NIKON D7200 24.2MP Digital DSLR Camera - Boxed with charger and some accesories,d7200
153,2022-12-20 00:00:00,554.13,NIKON D7200 24.2MP Digital DSLR Camera - Boxed with charger and some accesories,d7200
154,2022-12-20 00:00:00,662.56,"Nikon D7200 Digital Camera, + AF-S DX NIKKOR 18-140mm f/3.5-5.6G ED VR Lens",d7200
155,2022-12-20 00:00:00,434.88,Nikon D7200 Digital Camera Body - Low shutter count.,d7200
156,2022-12-15 00:00:00,307.86,Nikon D7200 Digital SLR Camera Black Body in great shape!,d7200
157,2022-12-09 00:00:00,259.00,Nikon D7200 24.2MP Digital SLR Camera BODY  42K SHOTS READ SL18,d7200
158,2023-01-09 00:00:00,401.01,"Nikon D7200, a used refurb. clean",d7200
159,2023-01-08 00:00:00,475.01,Nikon D7200 24.2 MP DSLR Camera - Ex. .Cond. Very low shutter count!! (5855) ,d7200
160,2023-01-10 00:00:00,535.00,Nikon D7200 24.2MP Digital SLR Camera - Black (Kit w/ 18-140mm Lens),d7200
161,2023-01-10 00:00:00,608.36,Used Nikon D7200 Digital Camera Body Only (LT 655),d7200
162,2023-01-09 00:00:00,606.00,Nikon D7200 body Camera Shutter count 2398 From Japan [Near Mint] #1118220,d7200
163,2023-01-01 00:00:00,451.38,"Nikon D7200 Digital Camera Body - Shutter count 19k, boxed with accesories",d7200
164,2022-12-26 00:00:00,585.48,Nikon D7200 24.2MP Digital SLR Camera - Black with lens 18-140 15k Shot Count,d7200
165,2022-12-25 00:00:00,560.80,NIKON D7200 24.2MP Digital DSLR Camera - Boxed with charger and some accesories,d7200
166,2022-12-20 00:00:00,560.80,NIKON D7200 24.2MP Digital DSLR Camera - Boxed with charger and some accesories,d7200
167,2022-12-20 00:00:00,670.53,"Nikon D7200 Digital Camera, + AF-S DX NIKKOR 18-140mm f/3.5-5.6G ED VR Lens",d7200
168,2022-12-20 00:00:00,440.11,Nikon D7200 Digital Camera Body - Low shutter count.,d7200
169,2022-12-15 00:00:00,310.52,Nikon D7200 Digital SLR Camera Black Body in great shape!,d7200
170,2023-01-11 00:00:00,480.00,Nikon D7200 DSLR Camera Body Only Excellent Condition ,d7200
171,2023-01-01 00:00:00,449.73,"Nikon D7200 Digital Camera Body - Shutter count 19k, boxed with accesories",d7200
172,2022-12-26 00:00:00,583.35,Nikon D7200 24.2MP Digital SLR Camera - Black with lens 18-140 15k Shot Count,d7200
173,2022-12-25 00:00:00,558.75,NIKON D7200 24.2MP Digital DSLR Camera - Boxed with charger and some accesories,d7200
174,2022-12-20 00:00:00,558.75,NIKON D7200 24.2MP Digital DSLR Camera - Boxed with charger and some accesories,d7200
175,2022-12-20 00:00:00,668.09,"Nikon D7200 Digital Camera, + AF-S DX NIKKOR 18-140mm f/3.5-5.6G ED VR Lens",d7200
176,2022-12-20 00:00:00,438.51,Nikon D7200 Digital Camera Body - Low shutter count.,d7200
177,2022-12-15 00:00:00,308.83,Nikon D7200 Digital SLR Camera Black Body in great shape!,d7200
178,2023-01-12 00:00:00,605.22,"Nikon D7200 24.2MP DSLR Camera Body - Shutter Count ≤ 8,600",d7200
179,2023-01-12 00:00:00,510.00,Nikon D7200 24.2MP Digital SLR Black Camera Kit W/ 18-55 Lens,d7200
180,2023-01-12 00:00:00,500.00,Nikon D7200 DSLR Camera Body Only Excellent Condition ,d7200
181,2023-01-12 00:00:00,335.00,Nikon D7200 24.2 MP Digital SLR Camera - Black (Body Only) (60924),d7200
182,2023-01-01 00:00:00,448.92,"Nikon D7200 Digital Camera Body - Shutter count 19k, boxed with accesories",d7200
183,2022-12-26 00:00:00,582.29,Nikon D7200 24.2MP Digital SLR Camera - Black with lens 18-140 15k Shot Count,d7200
184,2022-12-25 00:00:00,557.74,NIKON D7200 24.2MP Digital DSLR Camera - Boxed with charger and some accesories,d7200
185,2022-12-20 00:00:00,557.74,NIKON D7200 24.2MP Digital DSLR Camera - Boxed with charger and some accesories,d7200
186,2022-12-20 00:00:00,666.88,"Nikon D7200 Digital Camera, + AF-S DX NIKKOR 18-140mm f/3.5-5.6G ED VR Lens",d7200
187,2022-12-20 00:00:00,437.71,Nikon D7200 Digital Camera Body - Low shutter count.,d7200
188,2022-12-15 00:00:00,309.00,Nikon D7200 Digital SLR Camera Black Body in great shape!,d7200
189,2023-01-13 00:00:00,489.99,Nikon D7200 24.2 MP Digital SLR Camera - Black (Body Only) - Excellent Condition,d7200
190,2023-01-01 00:00:00,450.05,"Nikon D7200 Digital Camera Body - Shutter count 19k, boxed with accesories",d7200
191,2022-12-26 00:00:00,583.76,Nikon D7200 24.2MP Digital SLR Camera - Black with lens 18-140 15k Shot Count,d7200
192,2022-12-25 00:00:00,559.14,NIKON D7200 24.2MP Digital DSLR Camera - Boxed with charger and some accesories,d7200
193,2022-12-20 00:00:00,559.14,NIKON D7200 24.2MP Digital DSLR Camera - Boxed with charger and some accesories,d7200
194,2022-12-20 00:00:00,668.55,"Nikon D7200 Digital Camera, + AF-S DX NIKKOR 18-140mm f/3.5-5.6G ED VR Lens",d7200
195,2022-12-20 00:00:00,438.81,Nikon D7200 Digital Camera Body - Low shutter count.,d7200
196,2022-12-15 00:00:00,309.64,Nikon D7200 Digital SLR Camera Black Body in great shape!,d7200
197,2023-01-14 00:00:00,307.56,NIKON D7200 WITH NIKON DX 35MM AND SIGMA DG 70-300MM,d7200
198,2023-01-10 00:00:00,609.53,Used Nikon D7200 Digital Camera Body Only (LT 655),d7200
199,2023-01-01 00:00:00,452.25,"Nikon D7200 Digital Camera Body - Shutter count 19k, boxed with accesories",d7200
200,2022-12-26 00:00:00,586.61,Nikon D7200 24.2MP Digital SLR Camera - Black with lens 18-140 15k Shot Count,d7200
201,2022-12-25 00:00:00,561.88,NIKON D7200 24.2MP Digital DSLR Camera - Boxed with charger and some accesories,d7200
202,2022-12-20 00:00:00,561.88,NIKON D7200 24.2MP Digital DSLR Camera - Boxed with charger and some accesories,d7200
203,2022-12-20 00:00:00,671.83,"Nikon D7200 Digital Camera, + AF-S DX NIKKOR 18-140mm f/3.5-5.6G ED VR Lens",d7200
204,2022-12-20 00:00:00,440.96,Nikon D7200 Digital Camera Body - Low shutter count.,d7200
205,2022-12-15 00:00:00,309.74,Nikon D7200 Digital SLR Camera Black Body in great shape!,d7200
206,2023-01-15 00:00:00,660.00,Nikon - D7200 DSLR 24.2 MP Digital Camera  plus Three (3) lenses!!,d7200
207,2023-01-16 00:00:00,581.99,"Nikon D7200 24.2MP Digital SLR Camera Kit W/ 18-55 Lens (Shutter count 10,855)",d7200
208,2023-01-16 00:00:00,400.00,Nikon D7200 24.2 MP Digital SLR Camera - Black (Body Only),d7200
209,2023-01-16 00:00:00,495.00,"Nikon D7200 24.2 MP Digital SLR Camera ""Shutter Count 12,314"" [Exc++] From Japan",d7200
210,2023-01-15 00:00:00,460.00,"Nikon D7200 24.2 MP Digital SLR Camera - 21662 shutter count, +More",d7200
211,2023-01-17 00:00:00,450.00,Nikon D7200 body + lens + Nikon SB-25 Flash,d7200
212,2023-01-10 00:00:00,609.08,Used Nikon D7200 Digital Camera Body Only (LT 655),d7200
213,2023-01-01 00:00:00,451.91,"Nikon D7200 Digital Camera Body - Shutter count 19k, boxed with accesories",d7200
214,2022-12-26 00:00:00,586.18,Nikon D7200 24.2MP Digital SLR Camera - Black with lens 18-140 15k Shot Count,d7200
215,2022-12-25 00:00:00,561.46,NIKON D7200 24.2MP Digital DSLR Camera - Boxed with charger and some accesories,d7200
216,2022-12-20 00:00:00,561.46,NIKON D7200 24.2MP Digital DSLR Camera - Boxed with charger and some accesories,d7200
217,2022-12-20 00:00:00,671.33,"Nikon D7200 Digital Camera, + AF-S DX NIKKOR 18-140mm f/3.5-5.6G ED VR Lens",d7200
218,2022-12-20 00:00:00,440.64,Nikon D7200 Digital Camera Body - Low shutter count.,d7200
219,2023-01-18 00:00:00,466.55,Nikon D7200 24.2MP DSLR Camera Body #432,d7200
220,2023-01-18 00:00:00,690.00,Nikon D7200 24.2MP DSLR Body/18-55mm & 70-300mm lenses/1072 SHUTTER/MINT,d7200
221,2023-01-17 00:00:00,325.00,New ListingNikon D7200 24.2MP Digital SLR Camera - Read Description,d7200
222,2023-01-01 00:00:00,454.64,"Nikon D7200 Digital Camera Body - Shutter count 19k, boxed with accesories",d7200
223,2022-12-26 00:00:00,589.71,Nikon D7200 24.2MP Digital SLR Camera - Black with lens 18-140 15k Shot Count,d7200
224,2022-12-25 00:00:00,564.84,NIKON D7200 24.2MP Digital DSLR Camera - Boxed with charger and some accesories,d7200
225,2022-12-20 00:00:00,564.84,NIKON D7200 24.2MP Digital DSLR Camera - Boxed with charger and some accesories,d7200
226,2022-12-20 00:00:00,675.37,"Nikon D7200 Digital Camera, + AF-S DX NIKKOR 18-140mm f/3.5-5.6G ED VR Lens",d7200
227,2022-12-20 00:00:00,443.29,Nikon D7200 Digital Camera Body - Low shutter count.,d7200
228,2023-01-17 00:00:00,325.00,Nikon D7200 24.2MP Digital SLR Camera - Read Description,d7200
229,2023-01-01 00:00:00,458.80,"Nikon D7200 Digital Camera Body - Shutter count 19k, boxed with accesories",d7200
230,2022-12-26 00:00:00,595.11,Nikon D7200 24.2MP Digital SLR Camera - Black with lens 18-140 15k Shot Count,d7200
231,2022-12-25 00:00:00,570.02,NIKON D7200 24.2MP Digital DSLR Camera - Boxed with charger and some accesories,d7200
232,2022-12-20 00:00:00,570.02,NIKON D7200 24.2MP Digital DSLR Camera - Boxed with charger and some accesories,d7200
233,2022-12-20 00:00:00,681.56,"Nikon D7200 Digital Camera, + AF-S DX NIKKOR 18-140mm f/3.5-5.6G ED VR Lens",d7200
234,2022-12-20 00:00:00,447.35,Nikon D7200 Digital Camera Body - Low shutter count.,d7200
235,2023-01-20 00:00:00,360.00,Nikon D7200 24.2 MP Digital SLR Camera - Black (Body Only),d7200
236,2023-01-20 00:00:00,382.00,Nikon D7200 24.2 MP Digital SLR Camera - Black (Body Only) - Excellent Condition,d7200
237,2023-01-10 00:00:00,616.74,Used Nikon D7200 Digital Camera Body Only (LT 655),d7200
238,2023-01-01 00:00:00,457.60,"Nikon D7200 Digital Camera Body - Shutter count 19k, boxed with accesories",d7200
239,2022-12-26 00:00:00,593.55,Nikon D7200 24.2MP Digital SLR Camera - Black with lens 18-140 15k Shot Count,d7200
240,2022-12-25 00:00:00,568.52,NIKON D7200 24.2MP Digital DSLR Camera - Boxed with charger and some accesories,d7200
241,2022-12-20 00:00:00,568.52,NIKON D7200 24.2MP Digital DSLR Camera - Boxed with charger and some accesories,d7200
242,2022-12-20 00:00:00,679.77,"Nikon D7200 Digital Camera, + AF-S DX NIKKOR 18-140mm f/3.5-5.6G ED VR Lens",d7200
243,2023-01-21 00:00:00,390.00,"Nikon D7200 24.2MP DSLR Camera Body - Shutter Count ≤ 3,300",d7200
244,2023-01-21 00:00:00,424.99,Nikon D7200 24.2MP Digital SLR Camera- Body Only- READ,d7200
245,2023-01-21 00:00:00,305.00,Nikon D7200 24.2 MP Digital SLR Camera - Black (Body Only),d7200
246,2023-01-21 00:00:00,475.00,New ListingNikon D7200 24.2 MP Digital SLR Camera - Black (Body Only)  6022 Shutter Count,d7200
247,2023-01-20 00:00:00,480.00,Nikon D7200 24.2 MP Digital SLR Camera 18-55 Lens w/ Accessories,d7200
248,2023-01-15 00:00:00,520.00,Nikon D7200 body Camera Shutter count 28 [Top Mint] in Box From Japan #9564,d7200
249,2023-01-10 00:00:00,617.19,Used Nikon D7200 Digital Camera Body Only (LT 655),d7200
250,2023-01-01 00:00:00,457.93,"Nikon D7200 Digital Camera Body - Shutter count 19k, boxed with accesories",d7200
251,2022-12-26 00:00:00,593.98,Nikon D7200 24.2MP Digital SLR Camera - Black with lens 18-140 15k Shot Count,d7200
252,2022-12-25 00:00:00,568.94,NIKON D7200 24.2MP Digital DSLR Camera - Boxed with charger and some accesories,d7200
253,2023-01-21 00:00:00,475.00,Nikon D7200 24.2 MP Digital SLR Camera - Black (Body Only)  6022 Shutter Count,d7200
254,2023-01-23 00:00:00,340.00,Nikon D7200 24.2 MP Digital SLR Camera - Black (Body Only),d7200
255,2023-01-23 00:00:00,800.00,Nikon D7200 24.2 MP Digital SLR Camera bundle  ( L@@K ) AMAZING !,d7200
256,2023-01-22 00:00:00,670.00,Nikon D7200 Digital Camera - !!!HUGE BUNDLE!!! - Low Shutter Count - SAVE $$$!!!,d7200
257,2023-01-24 00:00:00,185.51,Nikon D7200 Camera Body - faulty but body is in VGC,d7200
258,2023-01-23 00:00:00,499.99,Nikon - D7200 DSLR 24.2 Digital Camera - Black (1554) Shutter Count: 5128,d7200
259,2023-01-23 00:00:00,425.00,"Nikon D7200 24.2 MP Digital SLR Camera - Black (Body Only)- 16,486 shutter count",d7200
260,2023-01-21 00:00:00,3.08,Top Outer LCD Screen Display Window Glass Protector For Nikon D7200 camera+Tape,d7200
261,2023-01-20 00:00:00,62.05,Original Mirror Box Assembly Unit For Nikon D7200 With Aperture Camera Part,d7200
262,2023-01-15 00:00:00,75.89,New original LCD Display Screen with backlight For Nikon D7200 D810 D750 SLR,d7200
263,2023-01-11 00:00:00,25.09,Original Top cover Dial Mode Button Replacement Part For Nikon D7200 Camera Part,d7200
264,2023-01-10 00:00:00,30.76,Nikon D7200 Bottom Cover Unit GENUINE NIKON PART ORIGINAL NEW. 11D8M,d7200
265,2023-01-10 00:00:00,33.40,Nikon D7200 Front Cover Unit GENUINE NIKON PART ORIGINAL NEW. 11R94,d7200
266,2023-01-10 00:00:00,125.00,For Nikon D7200 TOP Cover Shell with Flash board TOP LCD Camera Repair Part,d7200
267,2023-01-10 00:00:00,617.34,Used Nikon D7200 Digital Camera Body Only (LT 655),d7200
268,2023-01-04 00:00:00,111.19,Main Board MotherBoard For Nikon D7200 With Dual SD Card Reader Camera Part,d7200
269,2023-01-04 00:00:00,125.00,For Nikon D7200 Front Body Frame Mirror Box with Shutter Aperture Motor Unit,d7200
270,2023-01-25 00:00:00,499.99,Mint in Box 7544 shots Nikon D7200 24.2 MP Digital SLR Camera w/ MB-D15,d7200
271,2023-01-24 00:00:00,184.66,Nikon D7200 Camera Body - faulty but body is in VGC,d7200
272,2023-01-24 00:00:00,491.35,Used Nikon D7200 Camera Body - Black,d7200
273,2023-01-24 00:00:00,12.99, Battery Door Cover Lid Compatible with Nikon D7200 D7100 D610 D600 D7000,d7200
311,2023-01-10 00:00:00,614.49,Used Nikon D7200 Digital Camera Body Only (LT 655),d7200
320,2023-01-26 00:00:00,679.00,"MINT- NIKON D7200 24.2MP DSLR CAMERA BODY, BATT+CHARGER+LENSE ONLY 2321 SHUTTER",d7200
321,2023-01-26 00:00:00,312.00,NIKON  D7200. used body,d7200
322,2023-01-26 00:00:00,325.00,nikon d7200 with lens *Read Description*,d7200
323,2023-01-26 00:00:00,359.81,Nikon D7200 24.2MP DSLR Camera Body #280,d7200
324,2023-01-26 00:00:00,572.99,Nikon D7200 24.2 MP Digital Camera Body Black w/ Charger 90211202,d7200
325,2023-01-26 00:00:00,459.00,"[Serviced] Nikon D7200 DSLR Camera Body - Fully Functional, Wifi",d7200
326,2023-01-25 00:00:00,499.99,Mint in Box 7544 shots Nikon D7200 24.2 MP Digital SLR Camera w/ MB-D15,d7200
327,2023-01-24 00:00:00,185.33,Nikon D7200 Camera Body - faulty but body is in VGC,d7200
328,2023-01-24 00:00:00,493.14,Used Nikon D7200 Camera Body - Black,d7200
329,2023-01-24 00:00:00,12.99, Battery Door Cover Lid Compatible with Nikon D7200 D7100 D610 D600 D7000,d7200
330,2023-01-23 00:00:00,499.99,Nikon - D7200 DSLR 24.2 Digital Camera - Black (1554) Shutter Count: 5128,d7200
331,2023-01-23 00:00:00,425.00,"Nikon D7200 24.2 MP Digital SLR Camera - Black (Body Only)- 16,486 shutter count",d7200
332,2023-01-23 00:00:00,340.00,Nikon D7200 24.2 MP Digital SLR Camera - Black (Body Only),d7200
333,2023-01-23 00:00:00,800.00,Nikon D7200 24.2 MP Digital SLR Camera bundle  ( L@@K ) AMAZING !,d7200
334,2023-01-22 00:00:00,670.00,Nikon D7200 Digital Camera - !!!HUGE BUNDLE!!! - Low Shutter Count - SAVE $$$!!!,d7200
335,2023-01-21 00:00:00,390.00,"Nikon D7200 24.2MP DSLR Camera Body - Shutter Count ≤ 3,300",d7200
336,2023-01-21 00:00:00,424.99,Nikon D7200 24.2MP Digital SLR Camera- Body Only- READ,d7200
337,2023-01-21 00:00:00,305.00,Nikon D7200 24.2 MP Digital SLR Camera - Black (Body Only),d7200
338,2023-01-21 00:00:00,3.08,Top Outer LCD Screen Display Window Glass Protector For Nikon D7200 camera+Tape,d7200
339,2023-01-21 00:00:00,475.00,Nikon D7200 24.2 MP Digital SLR Camera - Black (Body Only)  6022 Shutter Count,d7200
340,2023-01-20 00:00:00,480.00,Nikon D7200 24.2 MP Digital SLR Camera 18-55 Lens w/ Accessories,d7200
341,2023-01-20 00:00:00,62.05,Original Mirror Box Assembly Unit For Nikon D7200 With Aperture Camera Part,d7200
342,2023-01-20 00:00:00,360.00,Nikon D7200 24.2 MP Digital SLR Camera - Black (Body Only),d7200
343,2023-01-20 00:00:00,382.00,Nikon D7200 24.2 MP Digital SLR Camera - Black (Body Only) - Excellent Condition,d7200
344,2023-01-18 00:00:00,466.55,Nikon D7200 24.2MP DSLR Camera Body #432,d7200
345,2023-01-18 00:00:00,690.00,Nikon D7200 24.2MP DSLR Body/18-55mm & 70-300mm lenses/1072 SHUTTER/MINT,d7200
346,2023-01-17 00:00:00,325.00,Nikon D7200 24.2MP Digital SLR Camera - Read Description,d7200
347,2023-01-17 00:00:00,450.00,Nikon D7200 body + lens + Nikon SB-25 Flash,d7200
348,2023-01-16 00:00:00,581.99,"Nikon D7200 24.2MP Digital SLR Camera Kit W/ 18-55 Lens (Shutter count 10,855)",d7200
349,2023-01-16 00:00:00,400.00,Nikon D7200 24.2 MP Digital SLR Camera - Black (Body Only),d7200
350,2023-01-16 00:00:00,495.00,"Nikon D7200 24.2 MP Digital SLR Camera ""Shutter Count 12,314"" [Exc++] From Japan",d7200
351,2023-01-15 00:00:00,460.00,"Nikon D7200 24.2 MP Digital SLR Camera - 21662 shutter count, +More",d7200
352,2023-01-15 00:00:00,75.89,New original LCD Display Screen with backlight For Nikon D7200 D810 D750 SLR,d7200
353,2023-01-15 00:00:00,660.00,Nikon - D7200 DSLR 24.2 MP Digital Camera  plus Three (3) lenses!!,d7200
354,2023-01-15 00:00:00,520.00,Nikon D7200 body Camera Shutter count 28 [Top Mint] in Box From Japan #9564,d7200
355,2023-01-14 00:00:00,307.56,NIKON D7200 WITH NIKON DX 35MM AND SIGMA DG 70-300MM,d7200
356,2023-01-13 00:00:00,489.99,Nikon D7200 24.2 MP Digital SLR Camera - Black (Body Only) - Excellent Condition,d7200
357,2023-01-12 00:00:00,605.22,"Nikon D7200 24.2MP DSLR Camera Body - Shutter Count ≤ 8,600",d7200
358,2023-01-12 00:00:00,510.00,Nikon D7200 24.2MP Digital SLR Black Camera Kit W/ 18-55 Lens,d7200
359,2023-01-12 00:00:00,500.00,Nikon D7200 DSLR Camera Body Only Excellent Condition ,d7200
360,2023-01-12 00:00:00,335.00,Nikon D7200 24.2 MP Digital SLR Camera - Black (Body Only) (60924),d7200
361,2023-01-11 00:00:00,25.09,Original Top cover Dial Mode Button Replacement Part For Nikon D7200 Camera Part,d7200
362,2023-01-11 00:00:00,480.00,Nikon D7200 DSLR Camera Body Only Excellent Condition ,d7200
363,2023-01-10 00:00:00,535.00,Nikon D7200 24.2MP Digital SLR Camera - Black (Kit w/ 18-140mm Lens),d7200
364,2023-01-10 00:00:00,30.76,Nikon D7200 Bottom Cover Unit GENUINE NIKON PART ORIGINAL NEW. 11D8M,d7200
365,2023-01-10 00:00:00,33.40,Nikon D7200 Front Cover Unit GENUINE NIKON PART ORIGINAL NEW. 11R94,d7200
366,2023-01-10 00:00:00,125.00,For Nikon D7200 TOP Cover Shell with Flash board TOP LCD Camera Repair Part,d7200
367,2023-01-10 00:00:00,616.74,Used Nikon D7200 Digital Camera Body Only (LT 655),d7200
368,2023-01-09 00:00:00,606.00,Nikon D7200 body Camera Shutter count 2398 From Japan [Near Mint] #1118220,d7200
369,2023-01-09 00:00:00,401.01,"Nikon D7200, a used refurb. clean",d7200
370,2023-01-08 00:00:00,475.01,Nikon D7200 24.2 MP DSLR Camera - Ex. .Cond. Very low shutter count!! (5855) ,d7200
1,2023-01-01,655.00,Tamron SP 24-70mm f/2.8 Di VC USD G2 Lens Nikon F Mount - mint condition,tamron2470
2,2022-11-19,561.00,Tamron SP 24-70mm f/2.8 Di VC USD G2 Lens Nikon,tamron2470
3,2022-11-28,625.00,Tamron SP 24-70mm NIKON f/2.8 Di VC USD G2 Lens,tamron2470
4,2022-11-27,316.00,TAMRON USD Di SP VC 24-70mm f2.8 NIKON G MOUNT AUTO FOCUS ZOOM LENS,tamron2470
5,2022-12-04,599.99,TAMRON SP 24-70mm f2.8 Di VC USD G2 NIKON MOUNT AUTO FOCUS ZOOM LENS,tamron2470
6,2022-11-20,223.49,TAMRON Di USD SP 24-70mm f2.8 NIKON G MOUNT AF LENS ** WORKS BUT SOLD AS IS **,tamron2470
7,2022-12-11,560.00,Tamron SP 24-70mm f/2.8 Di VC USD G2 Lens for Nikon + UV filter & Tap-In Console,tamron2470
8,2022-10-10,637.00,Tamron SP 24-70mm f/2.8 Di VC USD G2 Nikon Lens,tamron2470
9,2022-12-04,530.00,Tamron SP 24-70mm f/2.8 Di VC USD G2 Lens for Nikon F mount,tamron2470
10,2022-11-23,575.00,Tamron 24-70mm f/2.8 SP G2 Di VC USD G2 Zoom Lens for Nikon Mount,tamron2470
11,2022-10-09,600.00,Tamron 24-70mm f/2.8 SP G2 Di VC USD G2 Zoom Lens for Nikon F Mount,tamron2470
12,2022-11-13,456.00,Nikon AF-S Nikkor 24-70mm 1:2.8G ED,tamron2470
13,2022-11-21,606.99,Tamron A032 SP 24-70mm f/2.8 Di VC USD G2 Lens For Nikon F,tamron2470
14,2022-10-09,380.00,Tamron Nikon AF-S 24-70mm F2.8G Zoom Lens,tamron2470
15,2022-11-25,580.00,Tamron SP 24-70mm f/2.8 Di VC USD G2 (A032) Lens for Nikon + Hood + Bag,tamron2470
16,2022-10-20,596.00,Tamron 24-70mm f/2.8 SP G2 Di VC USD G2 Zoom Lens for Nikon Mount Used,tamron2470
17,2022-11-16,580.00,Tamron SP 24-70mm f/2.8 Di VC USD G2 Lens for Nikon-used,tamron2470
18,2022-10-29,660.00,Tamron SP 24-70mm f/2.8 Di VC USD G2 Lens For [Nikon],tamron2470
19,2022-12-03,424.00,Nikon NIKKOR AF-S 24-70mm 1:2.8 G ED,tamron2470
20,2022-12-09,625.00,"Tamron 24-70mm f/2.8 SP G2 Di VC USD G2 Lens for Nikon w/ Lens Filter, from US",tamron2470
21,2022-12-30,249.00,Tamron SP 24-70mm f/2.8 Di VC USD G2 Lens - AF not working,tamron2470
22,2022-11-08,525.00,Nikon AF-S NIKKOR 24-70 1:2.8 G ED,tamron2470
23,2022-12-06,275.99,Nikon N AF-S Nikkor 24-70mm 1:2.8G ED Parts/Repair,tamron2470
24,2022-11-01,600.00,Tamron 24-70mm F/2.8 G2 Di VC USD G2 Zoom Lens for Nikon Mount,tamron2470
25,2022-10-04,609.00,Tamron 24-70mm f/2.8 SP G2 Di VC USD G2 Zoom Lens for Nikon F Mount,tamron2470
26,2022-12-05,550.00,Tamron 24-70mm f/2.8 SP Di VC USD G2 Zoom Lens for Nikon Mount,tamron2470
27,2022-10-18,420.00,Nikon Af-s Nikkor 24-70mm 1:2.8g Ed Nano Crystal Coat Lens,tamron2470
28,2022-12-07,315.00,Tamron SP A007 24-70mm f/2.8 Di VC USD (A007) Autofocus Lens For Nikon ,tamron2470
29,2022-10-16,25.00,Tamron 24-70mm f/3.3-5.6 Aspherical lens Nikon AF,tamron2470
30,2022-12-29,566.33,Nikon Af-s Nikkor 24-70mm F2.8g Ed Nano Crystal Coat Lens,tamron2470
31,2022-10-08,670.00,New Tamron SP 24-70mm f/2.8 DI VC USD G2 Lens - NIKON F  [Model A032N],tamron2470
32,2022-10-10,541.00,Tamron SP 24-70mm f/2.8 Di VC USD G2 Lens for Nikon. Perfect Condition!,tamron2470
33,2022-12-28,550.00,Tamron SP 24-70mm f/2.8 Di VC USD G2 Lens,tamron2470
34,2023-01-01,596.00,New ListingTamron SP 24-70mm f/2.8 Di VC USD G2 Lens for Nikon,tamron2470
35,2022-11-06,610.00,Tamron 24-70mm f/2.8 SP G2 Di VC USD G2 Zoom Lens for Nikon Mount,tamron2470
36,2022-12-02,310.00,Tamron SP A007 24-70mm f/2.8 Di VC USD (A007) Autofocus Lens For Nikon ,tamron2470
37,2022-12-04,330.00,Tamron SP 24-70mm f/2.8 Di USD (A007) VC Zoom Lens for Nikon + Hoya HD CIR-PL,tamron2470
38,2022-12-16,466.57,Nikon N AF-S Nikkor 24-70mm 1:2.8G ED,tamron2470
39,2022-11-06,251.00,Tamron SP A007 24-70mm f/2.8 Di VC USD (A007) Autofocus Lens For Nikon. see Info,tamron2470
40,2022-11-13,200.00,tamron sp 24-70mm f/2.8 di vc usd nikon - As Is,tamron2470
41,2022-10-23,227.00,Tamron SP 24-70mm f/2.8 Di VC USD G2 Lens for Nikon EF H405,tamron2470
42,2022-10-21,610.00,**Tamron SP 24-70mm f/2.8 Di VC USD G2 Lens Display Model Nikon,tamron2470
43,2022-10-17,360.00,TAMRON A007N 24-70mm F/2.8 DI VC USD Lens For Nikon Mount,tamron2470
44,2022-11-18,"2,751.25",Nikon N AF-S Nikkor 24-70mm 1:2.8G ED,tamron2470
45,2022-12-31,450.00,Nikon Nikkor AF-S 24-70mm f2.8 G ED IF ASPH Lens AFS #219,tamron2470
46,2022-12-24,430.00,Nikon Af-s Nikkor 24-70mm F2.8g Ed Nano Crystal Coat Lens,tamron2470
47,2022-12-08,480.00,Tamron 24-70mm f2.8 SP Di VC USD G2 Zoom Lens for Canon EF USED,tamron2470
48,2022-10-13,325.00,Tamron SP A007 24-70mm f/2.8 Di VC USD (A007) Autofocus Lens For Nikon ,tamron2470
49,2022-12-19,325.00,Tamron SP 24-70mm F/2.8 Di VC USD Autofocus Lens For Nikon,tamron2470
50,2022-12-04,284.00,Used Tamron 24-70mm F/2.8 SP DI VC USD (A007) AF Lens For Nikon {82} - (UG) EX+,tamron2470
51,2022-12-25,436.50,Nikon NIKKOR AF-S 24-70mm F/2.8G ED Lens,tamron2470
52,2022-12-25 00:00:00,521.00,Tamron 24-70 G2 - SP 24-70mm F2.8 Di VC USD G2 Nikon Mount,tamron2470
53,2023-01-01 00:00:00,655.00,Tamron SP 24-70mm f/2.8 Di VC USD G2 Lens Nikon F Mount - mint condition,tamron2470
54,2022-11-19 00:00:00,561.00,Tamron SP 24-70mm f/2.8 Di VC USD G2 Lens Nikon,tamron2470
55,2022-11-28 00:00:00,625.00,Tamron SP 24-70mm NIKON f/2.8 Di VC USD G2 Lens,tamron2470
56,2023-01-02 00:00:00,330.00,Tamron SP 24-70mm F/2.8 Di VC USD (Nikon F Mount),tamron2470
57,2022-11-27 00:00:00,316.00,TAMRON USD Di SP VC 24-70mm f2.8 NIKON G MOUNT AUTO FOCUS ZOOM LENS,tamron2470
58,2022-12-04 00:00:00,599.99,TAMRON SP 24-70mm f2.8 Di VC USD G2 NIKON MOUNT AUTO FOCUS ZOOM LENS,tamron2470
59,2022-11-20 00:00:00,223.49,TAMRON Di USD SP 24-70mm f2.8 NIKON G MOUNT AF LENS ** WORKS BUT SOLD AS IS **,tamron2470
60,2022-11-21 00:00:00,606.99,Tamron A032 SP 24-70mm f/2.8 Di VC USD G2 Lens For Nikon F,tamron2470
61,2022-10-10 00:00:00,637.00,Tamron SP 24-70mm f/2.8 Di VC USD G2 Nikon Lens,tamron2470
62,2022-12-04 00:00:00,530.00,Tamron SP 24-70mm f/2.8 Di VC USD G2 Lens for Nikon F mount,tamron2470
63,2022-12-11 00:00:00,560.00,Tamron SP 24-70mm f/2.8 Di VC USD G2 Lens for Nikon + UV filter & Tap-In Console,tamron2470
64,2022-10-09 00:00:00,600.00,Tamron 24-70mm f/2.8 SP G2 Di VC USD G2 Zoom Lens for Nikon F Mount,tamron2470
65,2022-11-23 00:00:00,575.00,Tamron 24-70mm f/2.8 SP G2 Di VC USD G2 Zoom Lens for Nikon Mount,tamron2470
66,2022-10-09 00:00:00,380.00,Tamron Nikon AF-S 24-70mm F2.8G Zoom Lens,tamron2470
67,2022-11-25 00:00:00,580.00,Tamron SP 24-70mm f/2.8 Di VC USD G2 (A032) Lens for Nikon + Hood + Bag,tamron2470
68,2022-11-13 00:00:00,456.00,Nikon AF-S Nikkor 24-70mm 1:2.8G ED,tamron2470
69,2022-10-20 00:00:00,596.00,Tamron 24-70mm f/2.8 SP G2 Di VC USD G2 Zoom Lens for Nikon Mount Used,tamron2470
70,2022-11-16 00:00:00,580.00,Tamron SP 24-70mm f/2.8 Di VC USD G2 Lens for Nikon-used,tamron2470
71,2022-11-08 00:00:00,525.00,Nikon AF-S NIKKOR 24-70 1:2.8 G ED,tamron2470
72,2022-10-29 00:00:00,660.00,Tamron SP 24-70mm f/2.8 Di VC USD G2 Lens For [Nikon],tamron2470
73,2022-12-03 00:00:00,424.00,Nikon NIKKOR AF-S 24-70mm 1:2.8 G ED,tamron2470
74,2022-12-09 00:00:00,625.00,"Tamron 24-70mm f/2.8 SP G2 Di VC USD G2 Lens for Nikon w/ Lens Filter, from US",tamron2470
75,2022-12-30 00:00:00,249.00,Tamron SP 24-70mm f/2.8 Di VC USD G2 Lens - AF not working,tamron2470
76,2022-12-06 00:00:00,275.99,Nikon N AF-S Nikkor 24-70mm 1:2.8G ED Parts/Repair,tamron2470
77,2022-11-01 00:00:00,600.00,Tamron 24-70mm F/2.8 G2 Di VC USD G2 Zoom Lens for Nikon Mount,tamron2470
78,2022-10-18 00:00:00,420.00,Nikon Af-s Nikkor 24-70mm 1:2.8g Ed Nano Crystal Coat Lens,tamron2470
79,2022-12-05 00:00:00,550.00,Tamron 24-70mm f/2.8 SP Di VC USD G2 Zoom Lens for Nikon Mount,tamron2470
80,2022-12-07 00:00:00,315.00,Tamron SP A007 24-70mm f/2.8 Di VC USD (A007) Autofocus Lens For Nikon ,tamron2470
81,2022-10-16 00:00:00,25.00,Tamron 24-70mm f/3.3-5.6 Aspherical lens Nikon AF,tamron2470
82,2022-10-10 00:00:00,541.00,Tamron SP 24-70mm f/2.8 Di VC USD G2 Lens for Nikon. Perfect Condition!,tamron2470
83,2022-10-08 00:00:00,670.00,New Tamron SP 24-70mm f/2.8 DI VC USD G2 Lens - NIKON F  [Model A032N],tamron2470
84,2022-12-29 00:00:00,566.33,Nikon Af-s Nikkor 24-70mm F2.8g Ed Nano Crystal Coat Lens,tamron2470
85,2022-11-06 00:00:00,610.00,Tamron 24-70mm f/2.8 SP G2 Di VC USD G2 Zoom Lens for Nikon Mount,tamron2470
86,2022-12-02 00:00:00,310.00,Tamron SP A007 24-70mm f/2.8 Di VC USD (A007) Autofocus Lens For Nikon ,tamron2470
87,2023-01-02 00:00:00,400.00,Tamron SP 24-70mm f/2.8 Di VC USD G2 Lens Nikon,tamron2470
88,2022-12-04 00:00:00,330.00,Tamron SP 24-70mm f/2.8 Di USD (A007) VC Zoom Lens for Nikon + Hoya HD CIR-PL,tamron2470
89,2022-12-16 00:00:00,466.57,Nikon N AF-S Nikkor 24-70mm 1:2.8G ED,tamron2470
90,2022-11-06 00:00:00,251.00,Tamron SP A007 24-70mm f/2.8 Di VC USD (A007) Autofocus Lens For Nikon. see Info,tamron2470
91,2022-11-13 00:00:00,200.00,tamron sp 24-70mm f/2.8 di vc usd nikon - As Is,tamron2470
92,2022-10-23 00:00:00,227.00,Tamron SP 24-70mm f/2.8 Di VC USD G2 Lens for Nikon EF H405,tamron2470
93,2023-01-01 00:00:00,596.00,Tamron SP 24-70mm f/2.8 Di VC USD G2 Lens for Nikon,tamron2470
94,2022-10-21 00:00:00,610.00,**Tamron SP 24-70mm f/2.8 Di VC USD G2 Lens Display Model Nikon,tamron2470
95,2022-12-31 00:00:00,450.00,Nikon Nikkor AF-S 24-70mm f2.8 G ED IF ASPH Lens AFS #219,tamron2470
96,2022-10-17 00:00:00,360.00,TAMRON A007N 24-70mm F/2.8 DI VC USD Lens For Nikon Mount,tamron2470
97,2022-11-18 00:00:00,"2,751.25",Nikon N AF-S Nikkor 24-70mm 1:2.8G ED,tamron2470
98,2022-12-28 00:00:00,550.00,Tamron SP 24-70mm f/2.8 Di VC USD G2 Lens,tamron2470
99,2022-12-24 00:00:00,430.00,Nikon Af-s Nikkor 24-70mm F2.8g Ed Nano Crystal Coat Lens,tamron2470
100,2023-01-02 00:00:00,939.00,Nikon AF-S Nikkor Lens 24-70mm 1:2.8E VR ED Nano Crystal Coat 2184894,tamron2470
101,2022-10-13 00:00:00,325.00,Tamron SP A007 24-70mm f/2.8 Di VC USD (A007) Autofocus Lens For Nikon ,tamron2470
102,2022-12-19 00:00:00,325.00,Tamron SP 24-70mm F/2.8 Di VC USD Autofocus Lens For Nikon,tamron2470
103,2022-12-04 00:00:00,284.00,Used Tamron 24-70mm F/2.8 SP DI VC USD (A007) AF Lens For Nikon {82} - (UG) EX+,tamron2470
104,2023-01-02 00:00:00,346.00,Tamron SP 24-70mm f/2.8 Di VC USD A007 Lens for Nikon  - Near MINT w/Pouch!,tamron2470
105,2023-01-02 00:00:00,708.00,Tamron 24-70mm f2.8 SP Di VC USD G2 Zoom Lens for Canon EF,tamron2470
106,2022-12-08 00:00:00,480.00,Tamron 24-70mm f2.8 SP Di VC USD G2 Zoom Lens for Canon EF USED,tamron2470
107,2022-12-04 00:00:00,450.00,Nikon AF-S Nikkor 24-70mm F2.8G ED Nano SWM Lens w/ Hood,tamron2470
108,2023-01-04 00:00:00,437.00,Nikon Nikkor 24-70mm f/2.8 G ED,tamron2470
109,2022-12-16 00:00:00,463.95,Nikon N AF-S Nikkor 24-70mm 1:2.8G ED,tamron2470
110,2022-11-18 00:00:00,"2,735.84",Nikon N AF-S Nikkor 24-70mm 1:2.8G ED,tamron2470
111,2023-01-03 00:00:00,700.00,Tamron SP 24-70mm f/2.8 Di VC USD G2 for Canon,tamron2470
112,2022-11-01 00:00:00,305.00,Tamron SP A007 24-70mm f/2.8 Di VC USD Lens For Nikon,tamron2470
113,2022-11-18 00:00:00,660.00,Tamron A032 SP 24-70mm f/2.8 Di VC USD G2 Lens For Nikon F,tamron2470
114,2022-10-22 00:00:00,607.00,Tamron SP 24-70mm f/2.8 Di VC USD G2 Nikon Lens,tamron2470
115,2023-01-05 00:00:00,476.00,Nikon Nikkor 24-70mm f/2.8 G f/2.8G ED Zoom Lens Excellent Condition w/Caps WOW!,tamron2470
116,2022-12-03 00:00:00,481.00,Nikon 24-70mm f/2.8G AF-S,tamron2470
117,2022-12-24 00:00:00,426.00,Nikon Nikkor AF-S 24-70mm f2.8 G ED IF ASPH Lens AFS,tamron2470
118,2022-12-16 00:00:00,455.00,Nikon AF-S 24-70mm f/2.8 G ED N Lens *NO RESERVE*,tamron2470
119,2022-12-25 00:00:00,436.50,Nikon NIKKOR AF-S 24-70mm F/2.8G ED Lens,tamron2470
120,2023-01-05 00:00:00,555.00,Nikon Af-s Nikkor 24-70mm F2.8G Ed Nano Crystal Coat Lens,tamron2470
121,2023-01-05 00:00:00,467.00,Tamron SP 24-70mm f/2.8 Di VC USD G2 Lens For Nikon A032,tamron2470
122,2023-01-06 00:00:00,346.00,Tamron SP 24-70mm f/2.8 Di USD VC Lens (Nikon F) *NO RESERVE*,tamron2470
123,2023-01-06 00:00:00,350.00,Tamron 24-70mm f/2.8 SP G2 Di VC USD G2 Zoom Lens for Nikon Mount,tamron2470
124,2023-01-06 00:00:00,499.99,Tamron SP 24-70mm f/2.8 G2 (A007) Zoom Camera Lens For Nikon F mount #T53108,tamron2470
125,2023-01-08 00:00:00,467.00,Tamron SP 24-70mm f/2.8 Di VC USD G2 Lens For Nikon,tamron2470
126,2023-01-08 00:00:00,539.99,Tamron A032 SP 24-70mm F/2.8 Di VC USD G2 Lens Nikon,tamron2470
127,2023-01-08 00:00:00,661.99,Nikon Nikkor 24-70mm f/2.8G Lens + FTZ II Adapter,tamron2470
128,2023-01-08 00:00:00,550.00,Tamron 24-70 G2 - SP 24-70mm F2.8 Di VC USD G2 Nikon Mount,tamron2470
129,2023-01-09 00:00:00,321.00,Nikon N AF-S Nikkor 24-70mm 1:2.8G F/2.8 ED SWM IF NanoCrystalCoat Camera Lens,tamron2470
130,2023-01-09 00:00:00,372.00,Tamron 24-70 G2 - SP 24-70mm F2.8 Di VC USD G2 Nikon Mount,tamron2470
131,2023-01-10 00:00:00,535.00,Nikon Af-s Nikkor 24-70mm F2.8G Ed Nano Crystal Coat Lens,tamron2470
132,2023-01-13 00:00:00,332.00,Tamron SP 24-70mm F2.8 Di VC USD  Nikon Mount,tamron2470
133,2023-01-15 00:00:00,551.00,NIKON NIKKOR 24-70MM LENS camera af-s f/2.8g ED,tamron2470
134,2023-01-15 00:00:00,365.00,EXC Nikon AF-S Nikkor 24-70mm f2.8G Ed Nano Crystal Coat Lens Nikkor F for D850,tamron2470
135,2023-01-16 00:00:00,316.00, Tamron Nikon Mount Af-s24-70mm F2.8g  STUDIO LENS VERY CLEAN,tamron2470
136,2023-01-17 00:00:00,435.00,Tamron 24-70mm f/2.8 SP G2 Di VC USD G2 Zoom Lens for Nikon Mount,tamron2470
137,2023-01-17 00:00:00,610.00,Nikon Af-s Nikkor 24-70mm F2.8g Ed Nano Crystal Lens GREAT CONDITION w/ Case,tamron2470
138,2023-01-16 00:00:00,280.00,"Nikon Nikkor AF-S 24-70mm F2.8 G ED Lens *WORKS, BUT SOLD AS-IS*",tamron2470
139,2023-01-19 00:00:00,460.00,Nikon AF-S 24-70mm f/2.8 G ED N Lens *NO RESERVE*,tamron2470
140,2023-01-19 00:00:00,401.00,NIKON 24-70MM F2.8G ED AF-S NANO WITH SPECK ISSUE BARGAIN SHOOTER,tamron2470
141,2023-01-20 00:00:00,514.89,Nikon AF-S 24-70mm f/2.8 G ED N Lens w/Hood & Caps 100% Excellent Condition,tamron2470
142,2023-01-20 00:00:00,550.00,Nikon Nikkor AF-S 24-70mm f2.8 G ED IF ASPH Lens AFS,tamron2470
143,2023-01-21 00:00:00,454.00,NIKON AF-S NIKKOR 24-70MM F/2.8G ED LENS WITH HOOD & UV FILTER | 2164 | BLACK,tamron2470
144,2023-01-22 00:00:00,300.00,Tamron SP A007 24-70mm f/2.8 Di VC USD Lens For Nikon,tamron2470
193,2023-01-08 00:00:00,467.00,Tamron SP 24-70mm f/2.8 Di VC USD G2 Lens For Nikon,tamron2470
194,2023-01-09 00:00:00,372.00,Tamron 24-70 G2 - SP 24-70mm F2.8 Di VC USD G2 Nikon Mount,tamron2470
195,2023-01-16 00:00:00,316.00, Tamron Nikon Mount Af-s24-70mm F2.8g  STUDIO LENS VERY CLEAN,tamron2470
196,2022-11-19 00:00:00,561.00,Tamron SP 24-70mm f/2.8 Di VC USD G2 Lens Nikon,tamron2470
197,2022-12-25 00:00:00,521.00,Tamron 24-70 G2 - SP 24-70mm F2.8 Di VC USD G2 Nikon Mount,tamron2470
198,2023-01-01 00:00:00,655.00,Tamron SP 24-70mm f/2.8 Di VC USD G2 Lens Nikon F Mount - mint condition,tamron2470
199,2023-01-17 00:00:00,435.00,Tamron 24-70mm f/2.8 SP G2 Di VC USD G2 Zoom Lens for Nikon Mount,tamron2470
200,2022-12-11 00:00:00,560.00,Tamron SP 24-70mm f/2.8 Di VC USD G2 Lens for Nikon + UV filter & Tap-In Console,tamron2470
201,2023-01-02 00:00:00,330.00,Tamron SP 24-70mm F/2.8 Di VC USD (Nikon F Mount),tamron2470
202,2023-01-02 00:00:00,346.00,Tamron SP 24-70mm f/2.8 Di VC USD A007 Lens for Nikon  - Near MINT w/Pouch!,tamron2470
203,2022-11-28 00:00:00,625.00,Tamron SP 24-70mm NIKON f/2.8 Di VC USD G2 Lens,tamron2470
204,2022-11-25 00:00:00,580.00,Tamron SP 24-70mm f/2.8 Di VC USD G2 (A032) Lens for Nikon + Hood + Bag,tamron2470
205,2022-11-18 00:00:00,660.00,Tamron A032 SP 24-70mm f/2.8 Di VC USD G2 Lens For Nikon F,tamron2470
206,2023-01-13 00:00:00,332.00,Tamron SP 24-70mm F2.8 Di VC USD  Nikon Mount,tamron2470
207,2022-11-01 00:00:00,600.00,Tamron 24-70mm F/2.8 G2 Di VC USD G2 Zoom Lens for Nikon Mount,tamron2470
208,2023-01-06 00:00:00,346.00,Tamron SP 24-70mm f/2.8 Di USD VC Lens (Nikon F) *NO RESERVE*,tamron2470
209,2022-12-05 00:00:00,550.00,Tamron 24-70mm f/2.8 SP Di VC USD G2 Zoom Lens for Nikon Mount,tamron2470
210,2022-10-29 00:00:00,660.00,Tamron SP 24-70mm f/2.8 Di VC USD G2 Lens For [Nikon],tamron2470
211,2023-01-19 00:00:00,401.00,NIKON 24-70MM F2.8G ED AF-S NANO WITH SPECK ISSUE BARGAIN SHOOTER,tamron2470
212,2022-11-08 00:00:00,525.00,Nikon AF-S NIKKOR 24-70 1:2.8 G ED,tamron2470
213,2022-12-09 00:00:00,625.00,"Tamron 24-70mm f/2.8 SP G2 Di VC USD G2 Lens for Nikon w/ Lens Filter, from US",tamron2470
214,2022-11-23 00:00:00,575.00,Tamron 24-70mm f/2.8 SP G2 Di VC USD G2 Zoom Lens for Nikon Mount,tamron2470
215,2023-01-09 00:00:00,321.00,Nikon N AF-S Nikkor 24-70mm 1:2.8G F/2.8 ED SWM IF NanoCrystalCoat Camera Lens,tamron2470
216,2022-12-04 00:00:00,330.00,Tamron SP 24-70mm f/2.8 Di USD (A007) VC Zoom Lens for Nikon + Hoya HD CIR-PL,tamron2470
217,2023-01-20 00:00:00,514.89,Nikon AF-S 24-70mm f/2.8 G ED N Lens w/Hood & Caps 100% Excellent Condition,tamron2470
218,2022-11-13 00:00:00,200.00,tamron sp 24-70mm f/2.8 di vc usd nikon - As Is,tamron2470
219,2023-01-15 00:00:00,551.00,NIKON NIKKOR 24-70MM LENS camera af-s f/2.8g ED,tamron2470
220,2022-11-13 00:00:00,456.00,Nikon AF-S Nikkor 24-70mm 1:2.8G ED,tamron2470
221,2023-01-17 00:00:00,610.00,Nikon Af-s Nikkor 24-70mm F2.8g Ed Nano Crystal Lens GREAT CONDITION w/ Case,tamron2470
222,2022-12-06 00:00:00,275.99,Nikon N AF-S Nikkor 24-70mm 1:2.8G ED Parts/Repair,tamron2470
223,2023-01-22 00:00:00,300.00,Tamron SP A007 24-70mm f/2.8 Di VC USD Lens For Nikon,tamron2470
224,2022-12-04 00:00:00,284.00,Used Tamron 24-70mm F/2.8 SP DI VC USD (A007) AF Lens For Nikon {82} - (UG) EX+,tamron2470
225,2023-01-19 00:00:00,460.00,Nikon AF-S 24-70mm f/2.8 G ED N Lens *NO RESERVE*,tamron2470
226,2023-01-25 00:00:00,455.00,Nikon Af-s Nikkor 24-70mm F2.8g Ed Nano Crystal Coat Lens,tamron2470
227,2022-11-16 00:00:00,580.00,Tamron SP 24-70mm f/2.8 Di VC USD G2 Lens for Nikon-used,tamron2470
228,2022-11-06 00:00:00,610.00,Tamron 24-70mm f/2.8 SP G2 Di VC USD G2 Zoom Lens for Nikon Mount,tamron2470
229,2023-01-02 00:00:00,939.00,Nikon AF-S Nikkor Lens 24-70mm 1:2.8E VR ED Nano Crystal Coat 2184894,tamron2470
230,2022-12-03 00:00:00,481.00,Nikon 24-70mm f/2.8G AF-S,tamron2470
231,2022-12-02 00:00:00,310.00,Tamron SP A007 24-70mm f/2.8 Di VC USD (A007) Autofocus Lens For Nikon ,tamron2470
232,2022-12-16 00:00:00,455.00,Nikon AF-S 24-70mm f/2.8 G ED N Lens *NO RESERVE*,tamron2470
233,2023-01-15 00:00:00,365.00,EXC Nikon AF-S Nikkor 24-70mm f2.8G Ed Nano Crystal Coat Lens Nikkor F for D850,tamron2470
234,2022-12-24 00:00:00,426.00,Nikon Nikkor AF-S 24-70mm f2.8 G ED IF ASPH Lens AFS,tamron2470
235,2023-01-05 00:00:00,476.00,Nikon Nikkor 24-70mm f/2.8 G f/2.8G ED Zoom Lens Excellent Condition w/Caps WOW!,tamron2470
236,2023-01-21 00:00:00,454.00,NIKON AF-S NIKKOR 24-70MM F/2.8G ED LENS WITH HOOD & UV FILTER | 2164 | BLACK,tamron2470
237,2023-01-04 00:00:00,437.00,Nikon Nikkor 24-70mm f/2.8 G ED,tamron2470
238,2023-01-25 00:00:00,239.00,Nikon AF-S NIKKOR 24-70mm F2.8G ED,tamron2470
239,2022-12-19 00:00:00,325.00,Tamron SP 24-70mm F/2.8 Di VC USD Autofocus Lens For Nikon,tamron2470
240,2023-01-05 00:00:00,555.00,Nikon Af-s Nikkor 24-70mm F2.8G Ed Nano Crystal Coat Lens,tamron2470
241,2022-12-03 00:00:00,424.00,Nikon NIKKOR AF-S 24-70mm 1:2.8 G ED,tamron2470
242,2022-11-06 00:00:00,251.00,Tamron SP A007 24-70mm f/2.8 Di VC USD (A007) Autofocus Lens For Nikon. see Info,tamron2470
